# 3D point list with one line of data per point:
#   POINT3D_ID, X, Y, Z, R, G, B, ERROR, TRACK[] as (IMAGE_ID, POINT2D_IDX)
# Number of points: 1636, mean track length: 8.1870415647921764
1 4.116167323884925 -2.5099493328662601 2.2785547348687394 81 58 36 0.28526394258274701 48 4 49 1 50 106
2 3.7320545346956133 -2.3829479833638683 1.8826917431642336 82 67 54 0.97509807905856183 48 6 49 5 50 4 50 5 45 6 46 5 45 4 47 7 44 7 43 5 39 0 38 0
3 4.0039149378540762 -2.4177873464896384 2.1307092405885539 89 69 49 0.13806217118447767 48 114 49 7 50 110 45 115
4 3.5294695028967005 -2.2961427343841136 1.762038262083274 73 65 47 0.39602218371199782 48 12 49 8 50 11 47 15 39 85
5 3.99156264240546 -2.3826984029758029 2.1109132141068674 72 55 39 0.30083957456888705 48 11 49 9 50 114 45 13 46 14 47 17 44 19
6 4.0491042457476292 -2.3891257194573168 2.1525142467006368 126 106 90 0.17931846319486311 48 117 49 12 50 115 45 117 46 129 47 127
7 3.8869852996744743 -2.2795588619031908 1.8314563384236822 112 99 84 0.15397576282711981 48 14 49 13 50 12 45 17 46 19 44 21
8 3.8869852996744743 -2.2795588619031908 1.8314563384236822 112 99 84 0.15397576282711981 48 15 49 14 50 13 45 18 46 20 44 22
9 3.8745065180272942 -2.2482636472963886 1.8007482059483004 103 90 76 0.21877513919215816 48 23 49 17 50 17 46 24 47 26 44 27 43 21 39 13 33 13
10 3.8753714357019908 -2.247001127841584 1.7953160773414887 103 90 76 0.21290742013318961 48 24 49 18 50 18 46 25 47 27
11 3.6995176662044775 -2.2304582805764617 1.7335047936262944 117 99 84 0.17781759128928093 48 26 49 20 45 23 43 19 38 8 33 12 35 11 32 88
12 4.2358746317021003 -2.3848254489619332 2.3907224696839009 93 70 48 0.1854931881121413 48 27 49 23 46 34 47 35 39 24
13 3.7676105916888756 -2.1937602187698166 1.7256933370848477 63 44 29 0.12951866535328654 48 29 49 24 45 30 46 32 47 32 44 32 43 24 39 17 38 13 33 16
14 3.7675663126020269 -2.1937205873151138 1.7256597878479447 63 44 29 0.13095171506857206 48 30 49 25 45 31 46 33 44 33 43 25 39 18 38 14 33 17
15 3.4244168088059816 -2.1595063235930767 1.6624808977512919 124 104 82 0.18054218588497822 48 33 49 30 50 30 45 34 46 39 47 36 44 34 43 107 39 91 38 11 33 102 34 104 35 15 32 90 42 81 41 13 40 72 37 12
16 3.4243804913770788 -2.1596527332897577 1.66253527725238 124 104 82 0.18317010186613042 48 34 49 31 50 31 45 35 46 40 47 37 44 35 43 108 39 92 38 12 33 103 34 105 35 16 32 91 42 82 41 14 40 73 37 13 36 73 31 73 30 89 27 9
17 3.7794235271557297 -2.1668892662358465 1.7213285226712933 77 59 44 0.23891178506894742 48 31 49 32 50 28 45 36 46 41 47 39 44 39 43 111 39 96 38 16 34 109 35 19
18 3.5928389893174439 -2.1420511802497666 1.6671413198570817 133 109 86 0.18428198615688177 48 36 49 34 50 34 45 40 46 44 47 42 44 117 43 28 39 23 38 95 33 107 34 19 35 96 32 14 42 86 41 20 40 12 37 18
19 4.13988180543351 -2.1854158719471095 2.0611112037671671 77 69 60 0.1497722130907827 48 138 49 38 45 52 46 55
20 3.7130013090636806 -2.0877107245661888 1.6749254928270327 95 72 52 0.72434474883342792 48 42 49 39 50 37 45 53 47 49 44 45 39 27 34 28 35 27 35 28 32 22 42 19 41 24 40 19 36 22
21 3.6863887606560075 -2.0784982752523362 1.6613929154823337 127 104 83 0.61101817367188338 48 43 49 40 45 54 46 54 47 50 44 48 43 32 39 28 38 23 33 25 34 29 35 29 41 23
23 3.9160350804739212 -1.9270634950629872 1.7550028743431967 76 63 50 0.19448132110542754 48 55 49 51 45 61 46 63 47 60 44 53 39 33 33 32 34 43 35 36
24 3.6430759664899663 -1.8801144127272182 1.644071253380528 167 133 111 0.098483139918138479 48 56 49 52 50 51 45 62 46 64 47 61 44 54 43 36 39 34 38 29 33 33 34 41 35 34 32 29 42 28 41 27
25 3.6430759664899663 -1.8801144127272182 1.644071253380528 167 133 111 0.098483139918138479 48 57 49 53 50 52 45 63 46 65 47 62 44 55 43 37 39 35 38 30 33 34 34 42 35 35 32 30 42 29 41 28
26 3.6472719041955646 -1.8589912559700881 1.6551842464462072 159 123 101 0.16739375121834685 48 58 49 55 45 65
27 3.6472719041955646 -1.8589912559700881 1.6551842464462072 159 123 101 0.16739375121834685 48 59 49 56 45 66
28 4.331435632396416 -1.9759670192807348 2.4109986882327665 74 64 51 1.2879291751271562 48 212 49 60 50 267
29 3.7619241825121055 -1.798785952098279 1.6935202104714755 103 77 57 0.097811396721705843 48 65 49 61 50 57 46 72 39 38
30 3.9027039796546501 -1.7907321130638874 1.7510774100346904 97 77 62 0.11253401646161586 48 66 49 63 50 59 45 74 46 74 47 71 44 61 43 43 39 39 38 36 33 38 34 48 35 45
31 4.0188122805644237 -1.7912501078242842 1.8305759908767421 66 55 46 0.19986718657334571 48 147 49 64 50 141 45 141 46 75 47 72 44 62 43 44 39 40 38 38
32 3.761804597600249 -1.747474430297274 1.7101778321754624 149 118 96 0.15655159761173945 48 149 49 65 50 60 45 143 46 76 47 73 44 129 34 51 35 49 41 32 37 28 36 25
33 3.901997711308177 -1.6920540542080036 1.7803362276206693 98 77 62 0.03762054258616282 48 68 49 67 46 79 47 78
34 3.8710670127198279 -1.6327234604328682 1.7744397512879115 85 61 41 0.1176409749530678 48 71 49 69 50 68 45 78 46 81 47 80
35 3.2018984156415593 -1.5893391876912109 1.657471382032256 154 115 91 0.17864579670828451 48 72 49 70 50 69 45 80 40 22 30 26 27 22 24 10 21 10
36 3.9354234041955642 -1.6039574388268893 1.8162739060434154 77 53 36 0.19004213156571645 48 73 49 71 50 70 47 85
37 3.9150226622910753 -1.5113439912470445 1.8424692730405239 178 130 115 0.12679217723450437 48 75 49 73 50 74 45 84 46 88 44 74 39 52
38 3.275249537068126 -1.4628181979568045 1.7239938554568308 93 61 47 0.1519057345990617 48 78 49 76 50 76 45 149 46 168 47 162 44 142 43 132 39 107 38 112 33 174 34 162 35 150 32 106 42 104 41 135 40 141 37 92 36 90 31 97 30 102 27 96 22 37 29 76 28 30 24 31 21 35 25 29
39 4.3697842044996902 -1.1049889723630171 2.7131732373216595 57 45 29 0.11709901261208482 48 89 49 82 46 103 47 98 44 87 43 67
40 4.2958518877586389 -0.89228712647644493 2.7406425466769124 95 69 42 0.12984542902465077 48 93 49 87 44 93 38 65
41 4.3223619075502668 -0.57941364707751231 2.8475150357626617 82 59 39 0.27866032044140282 48 94 49 90 50 87 34 81
42 4.5874380775158139 -0.04614534810453505 2.1733287692498275 143 115 92 0.035780093733535939 48 173 49 96
43 4.1183041319877489 1.8288316741194892 1.6763652136460152 207 153 117 0.69477613563430274 48 325 49 100 45 103 48 253 39 128
44 4.1500010615044332 -2.5802285200441117 2.3134740997332739 108 88 69 0.6927122635337154 48 106 49 101 50 185 48 180 45 104 46 117 44 1
45 4.0964256450638912 -2.5423323185182922 2.2867672475796046 114 84 54 0.35987162633212638 48 109 49 104 45 1
46 4.0964256450638912 -2.5423323185182922 2.2867672475796046 114 84 54 0.35987162633212638 48 110 49 105 45 2
47 3.9422453081001372 -2.5181561923460967 2.2169777354289675 150 115 87 0.19038388709207496 48 111 49 106 50 104 45 106 46 118 47 120 44 5 43 4 38 77
48 4.1368483457360963 -2.5096628241367469 2.2926411525814063 106 83 58 0.41163187133875767 48 112 49 107 50 188 48 182 45 110 46 123 47 9 44 11 43 8
50 3.9952053429230907 -2.4392033766227574 2.1351388060798482 153 129 106 0.2522881299145262 48 186 49 109 50 193 45 111 46 8
51 3.9942015330717231 -2.4413259784931216 2.1399218046103563 153 129 106 0.17524694363880566 48 187 49 110 50 194 45 112
52 4.0780706608527204 -2.3870263506053564 2.1847782595274969 104 85 68 0.52003802145969424 48 118 49 112 45 118 46 22 44 26
53 4.0299231795192725 -2.3561661130435017 2.1377417594828105 43 37 31 0.11483840884384885 48 119 49 113 50 116 45 121 46 23 47 28 44 29
54 3.42393359344024 -2.2249454369685053 1.7157301065645996 63 51 32 0.25495710822463197 48 121 49 114 50 119 46 131 47 199 44 174 43 159 39 134 38 143 33 153 35 181 34 226 42 173
55 4.0925193437754546 -2.330504463701295 2.1901830109076332 97 79 63 0.1326164623387977 48 123 49 117 50 197 45 29
56 3.8519651991341917 -2.1959211896399027 1.7606763696978405 105 90 76 0.13807177700632159 48 124 49 120 50 121 45 127 46 135 47 131 44 113 39 94 38 91 33 19 34 16
57 3.8520322550233739 -2.1959371302958051 1.7604355297299901 105 90 76 0.14697943996356488 48 125 49 121 50 122 45 128 46 136 47 132 44 114 43 106 39 95 38 92 33 20 34 17
58 3.7337600299033729 -2.1802093567774881 1.715406603806237 93 77 61 0.28937450592961755 48 126 49 122 50 123 45 129 46 137 47 133 44 115 43 109 39 93 38 90 33 104 35 95 32 12 42 85 41 21
59 3.4579996677203435 -2.1706838383261324 1.6662113141060237 88 65 45 1.7792680036608446 48 128 49 123 50 26 45 125 47 200 43 104 33 156
60 3.4712362584596326 -2.1430733245358926 1.5898435274538416 88 65 45 0.27915855057360056 48 129 49 124
61 4.0699393936250701 -2.2393489959809316 2.0008882009402109 85 75 63 0.10498378111062175 48 194 49 126 50 200
62 4.0713879374943414 -2.2021371140673391 1.9449385289683614 86 75 60 0.26971432733821754 48 37 49 128 50 125 45 42
63 4.0713879374943414 -2.2021371140673391 1.9449385289683614 86 75 60 0.26971432733821754 48 38 49 129 50 126 45 43
64 3.7724014081297543 -2.132261907156153 1.7081601525174877 107 88 72 0.1705760186926488 48 134 49 130 50 128 45 132 47 139 43 114 38 96 35 22 32 95 42 88 41 77 40 15
65 3.7724014081297543 -2.132261907156153 1.7081601525174877 107 88 72 0.1705760186926488 48 135 49 131 50 129 45 133 47 140 43 115 38 97 35 23 32 96 42 89 41 78 40 16
66 3.5129704291767423 -2.1080191005379332 1.6380592829391727 154 124 98 0.32603067213585535 48 137 49 132 50 130 45 176 47 141 44 118 43 113 39 137 38 147 33 108 34 148 35 97 32 94 42 87 41 75
67 3.329532541297922 -2.0707620500001935 1.6312484168397343 156 118 94 0.16413968406319027 48 139 49 133 50 131 45 134 46 143 47 142 44 120 43 116 38 149 33 160 34 150 35 139 32 138 42 134 41 121 40 130 36 133
68 3.2869637713855071 -1.9900276742716987 1.6342362394760992 207 155 127 0.17371469423560162 48 140 49 137 50 133 45 137 46 225 47 210 44 186 43 163 39 142 38 151 33 161 34 151 35 140 32 141 42 135 41 124 40 78 37 76 36 76 31 75 30 90 27 86 22 74 29 66 28 56 24 63 21 6 25 5
69 4.2097391337703423 -2.0693285460851891 2.0690684709198486 81 70 58 0.47415675424887149 48 142 49 138 50 43 45 58
70 3.7535878035685348 -1.877339053415003 1.6777790499460896 88 64 43 0.13850212489101929 48 144 49 140 50 137 46 150 47 146 44 56 43 38 39 103 33 36 35 37 32 31 42 93 41 29 36 24
71 4.0803213699932623 -1.9003283574484706 1.8720636371188957 41 32 24 0.22953134352476906 48 145 49 141 47 69 44 58 43 39
72 3.8021301612825327 -1.8555826025873678 1.7071536521482105 91 72 55 0.35747046075997957 48 60 49 142 50 211 45 187 46 151 47 147 44 127 43 123 39 104 38 103 33 114 34 114 35 100 42 33 37 25
73 3.6575391174684877 -1.8430750824829494 1.652916549463429 130 96 74 0.22129163043294917 48 146 49 143 50 138 46 152 47 215 49 212 44 126 43 122 39 146 38 102 33 113 34 113 35 99 32 99 42 95 37 80 36 78 31 80 30 92 27 20
74 3.6687618915938538 -1.7526713706020451 1.6765151184523956 143 110 87 0.1638493688958236 48 148 49 145 50 142 45 142 46 155 47 152 44 128 43 124 39 105 38 106 33 117
77 3.8194886562065116 -1.5794511993059122 1.7720525204221687 106 78 58 0.45651871715674347 48 221 49 153 50 219 45 194 46 161 47 220 44 134 39 47 38 44 34 120 35 101 42 38 41 36
78 4.3627253356181068 -1.6791328920904784 2.6379818924767231 93 79 57 0.59313757973330072 48 156 49 154 50 149 50 220 45 82
79 3.8264251137143295 -1.546135793599033 1.7843360988764621 96 64 42 0.18158688999869407 48 222 49 155 50 150 45 196 47 158 44 135 43 130 39 106 38 108 33 121 34 58 35 103 32 40 42 98 41 40 30 41
80 3.2486330924199751 -1.457575643022216 1.7494966140090022 182 148 140 0.17508730485690041 48 159 49 157 50 78 45 150 46 237 47 222 43 231 46 295 39 209 38 219 33 215 34 204 35 198 32 193 42 184 41 181 40 171 37 165 36 174 31 176 30 175 27 166 22 162 29 150 28 130 24 139 21 137 25 152 26 123 23 126 20 124 19 112 12 102 9 99 11 99 18 105 13 68 15 77 14 71
81 3.2115117175161991 -1.4554996383527032 1.785027710620976 77 52 36 0.16920631859393506 48 160 49 158 46 238
82 3.2080632373280369 -1.4575065654548938 1.7953304137764332 77 52 36 0.20684390408638395 48 161 49 159 50 151
83 4.3221190041100526 -1.5420703018557094 2.6057290234623438 37 28 20 0.17122079349385722 48 284 49 161 50 287
84 4.3738218212765938 -1.0552655106123139 2.7221582603711849 111 86 59 0.30729079335223047 48 237 49 166 50 235 45 154 46 105 47 170 44 89 43 69
85 4.1962458785178471 -0.94414546076574712 2.8085019610844175 47 29 7 0.48534797689612547 48 92 49 169 50 162 45 156 46 182 47 173 44 151 43 141 39 117 38 128
86 4.3747642705676668 -0.8176098577086276 2.7795297911999413 127 100 68 0.16364405293292758 48 239 49 170 50 239 45 157 47 174
87 4.2627841831066471 -0.67695736565626008 2.8456289790739087 48 26 9 0.15666485830658641 48 169 49 172 50 165
88 4.2202864381620655 -0.087341137631150145 1.9375476489755172 26 25 20 0.42854192492403781 48 172 49 176 50 168 47 241 39 181 38 242 47 309 33 192 34 181 34 214 35 211 32 171 41 161
89 4.0498653640210129 0.88502001293468524 1.6735863029049567 180 120 79 0.27748259663674524 48 104 49 177 50 94 45 163 46 195 47 183 44 161 43 152 39 122 38 134 33 141 34 139 35 133 32 131 42 122 41 113 40 119 37 119 36 125 31 132 30 131 27 123 22 121 29 108 28 90 24 55 21 55 25 51 26 42 23 46 19 38
90 3.9970312883603425 -2.4804304715298828 2.2001221814779424 92 68 47 0.34967098763244003 48 256 49 186 50 251 45 168 46 124 47 8 44 8
91 3.9359201497105567 -2.4296183385288588 2.0840527144941872 111 94 77 0.25426013899795191 48 185 49 188 50 109 45 169 46 126 47 125
92 3.9629396738165874 -2.4050209013735238 2.103296166760265 130 110 88 0.10248567451208769 48 190 49 189 45 172
93 3.6394666349198008 -2.3049772222705704 1.7680071635277848 65 52 44 0.49690174965271444 48 115 49 191 50 113 47 196
94 4.1164154375301099 -2.4129174436765295 2.2900783517664411 49 39 26 0.29439843698636581 48 262 49 192 45 119
95 4.0555077599348568 -2.2129910550244922 1.9328936200569038 62 54 45 0.16443034275382762 48 195 49 194 50 201 45 130
96 4.0555077599348568 -2.2129910550244922 1.9328936200569038 62 54 45 0.16443034275382762 48 196 49 195 50 202 45 131
97 4.0253474598936982 -2.1086181591205118 1.8606129887889151 49 41 32 0.18343395863926379 48 200 49 200 50 205 46 221 47 206 44 182
98 4.0253474598936982 -2.1086181591205118 1.8606129887889151 49 41 32 0.18343395863926379 48 201 49 201 50 206 46 222 47 207 44 183
100 3.717689717974368 -2.0653547080950259 1.6710737388201955 133 107 87 0.25247510681800744 48 203 49 203 45 180 46 220 47 204 44 181
101 3.3456924908662442 -2.0503119585355121 1.6179362240857638 199 157 131 0.1379201616846279 48 204 49 204 50 207 45 181 46 224 47 205 44 179 43 162
102 3.7376011861604059 -1.9591803566789214 1.6695191151450839 106 84 65 0.17081973904980316 48 207 49 205 45 183 46 226 47 211 44 187 43 164 33 110 34 110 42 90 41 79 40 80 37 77
103 3.7375585495570842 -1.9593106182109392 1.6694417690029968 106 84 65 0.18887428366008394 48 208 49 206 45 184 46 227 47 212 44 188 43 165 33 111 34 111 42 91 41 80 40 81 37 78 31 77
104 3.7665447321060022 -1.9390569029783269 1.6759035236971167 117 94 74 0.17275698904980341 48 209 49 207 50 209 45 185 46 228 47 213 44 189 43 166 39 144 38 155 33 164 34 154 35 141 32 144 42 92 41 82 40 83 31 79
105 4.1076108064849288 -1.959766635073652 1.9040273229717224 61 52 41 0.98114911690991768 48 337 49 209 50 340 45 300 46 148 46 335 47 144 43 212
106 4.0987001651469459 -1.9420837986219344 1.8972391593144549 53 44 34 0.15266331102957137 48 210 49 210 50 210 45 186 47 145 44 125 43 121 38 34
107 3.7722353990012145 -1.8309532943000484 1.7009770284001193 109 87 68 0.14987423126247135 48 213 49 213 50 212 45 189 46 229 47 216
108 3.7567360350624881 -1.8161490859517568 1.692345699448117 120 97 77 0.19488140331966525 48 214 49 214 50 214 45 190 46 230 47 217 44 190 43 168 39 147 38 157 33 167 34 158 35 144 32 149 42 140 41 129 40 85
109 4.0015008589331966 -1.6891847823110535 1.8332349409593118 77 61 48 0.22736168459465936 48 217 49 217 50 216 45 192 46 233 47 218 44 191 38 107 33 118 34 119 32 36 42 37
110 3.9156530321455043 -1.6544104166885343 1.7939372919216998 75 54 38 0.21929193439282998 48 219 49 218 50 276 45 193 46 234 47 219 44 192 43 169 39 150 38 159 33 169 34 159 35 148 32 153 42 143 41 133 40 89 37 84
111 3.2640983713421141 -1.4240864719355648 1.7393831349790609 174 121 90 0.13557122811094935 48 225 49 220 50 222 45 199 46 239 47 223 44 194 43 176 39 159 38 168 33 177 34 165 35 153 32 159 42 149 41 138 40 143 37 139 36 144 31 148 30 147 27 140 22 133 29 125 28 102 24 107 21 110 25 122 26 95 23 91 20 98 19 90
112 3.8324169364706679 -1.4284241739961938 1.85718220376044 191 139 105 0.12284542994929189 48 226 49 221 45 200 46 240 47 224 44 196 43 178 39 162 38 171 33 126 34 129 35 110 32 118 42 114 41 54 40 45 37 44
113 3.8325239112546452 -1.4283151500950992 1.8569234531736816 191 139 105 0.10788576081454077 48 227 49 222 50 153 45 201 46 241 47 225 44 197 43 179 39 163 38 172 33 127 34 130 35 111 41 55 40 46
114 3.2116177492009275 -1.4220009264265803 1.7859531782452001 170 119 92 0.18726989436390018 48 163 49 223 45 87 46 97 44 79 39 62 38 57 34 69 32 55 42 53 40 42 37 43 36 47 31 36 30 47 27 47 22 45 29 33 28 33 24 33 21 36 25 34 26 27 11 31
115 3.8713722537132007 -1.4186775995862539 1.8892667101432346 186 118 90 0.14624723804178372 48 228 49 226 50 224 45 203 47 226
116 4.3582166022698248 -1.4801206449863487 2.6656574279293439 75 63 43 0.49678763525824321 48 286 49 227 50 291 46 171 47 166 44 144
118 4.3448825058325768 -1.1295499933548865 2.7051070301873459 56 43 27 0.34943989277388587 48 234 49 230 50 232 45 208 46 244 43 182 39 167 38 177 33 182 34 173 35 122
119 4.3447690061256594 -1.1303288420665558 2.7067386990463702 56 43 27 0.2506032049684962 48 235 49 231 50 233 45 209 46 245 43 183 39 168 38 178 33 183 34 174
120 3.0702119840498945 -0.98894438175111299 2.0418610989657164 213 114 110 1.1541789170931025 48 238 49 234 50 237 45 267 46 309 47 296 44 260 45 210 43 246 39 226 33 265 34 252 35 241 32 247 41 235 40 212 31 219 30 221
121 4.1776956760619059 -0.96534416210997653 2.8153701501775208 73 60 34 0.21670470200046008 48 167 49 236 50 161 45 211 46 250 47 232 44 263 43 248 39 229 38 182
122 3.1877347023136164 -0.75664218237584779 1.9929903540083038 229 176 152 0.27029703914693026 48 240 49 237 50 163 45 271 46 356 47 357 44 322 43 306 39 279 39 320
123 4.3414300098501144 -0.59045860926000049 2.8459641592239993 63 39 18 0.17784105639505424 48 241 49 238 46 254 43 143
124 4.380956712478226 -0.45505527610899582 2.9384037208502232 87 67 47 0.11341022903950178 48 242 49 239 45 214 46 185
125 4.2150595137245368 -0.31599969251029703 2.2507180916487743 32 28 28 0.2820700248419698 48 244 49 241 45 217 47 104
127 3.8937061456699023 1.4111889658525341 1.862476699281991 99 94 87 0.25865997096133997 48 248 49 249 50 247 45 219 46 260 47 252 44 220 43 199 39 184 38 195 33 149 34 141 35 134 32 132 42 125 41 117 37 60
129 4.1048789308308402 -2.5740095047865106 2.2896410332144792 176 142 109 0.37490586196741549 48 254 49 252 50 326 45 226 46 265 47 254 44 168 43 156 39 130 38 76 33 94 34 1
130 4.0057569804593118 -2.5184291016062641 2.2411405093698069 206 168 127 0.58134978761343559 48 255 49 253 50 250 45 227 46 266 44 169 43 157 38 79 33 95 34 3 35 92
131 4.1608329788194691 -2.4981187039356656 2.3224126644054048 54 38 21 0.43720517137791787 48 257 49 254 50 253 45 170 46 211 47 195 39 132 38 84
132 4.1841117309267863 -2.4834552965317456 2.3484906567158834 135 108 86 0.35794227684084801 48 258 49 255 50 254 45 230 47 258 33 154
133 3.9348305557175434 -2.3985111676876714 2.0672048735004567 49 48 44 0.21782837139914185 48 329 49 256 50 255 45 229
134 4.0646738578622559 -2.4410666777713721 2.2282799823941826 82 56 38 0.15798406578997132 48 259 49 257 50 331 45 231 46 270
135 3.5144038159709363 -2.2396226685343263 1.7100894145068408 63 52 34 0.12210265786939667 48 192 49 259 50 195 45 234 46 272
136 4.2803239630151122 -2.2687529875605947 2.4418505263596582 85 67 54 0.1948475878462434 48 263 49 263 50 260 45 178 46 223 47 208 44 185
137 3.9701375343998522 -2.0271895268537397 1.7882999997609283 78 68 58 0.15345347723598449 48 267 49 265 50 262 45 237 46 279 47 264 44 227 43 210 38 153
138 4.2831165979451802 -2.1459890957536158 2.3118909188795174 62 50 43 0.52221452476715247 48 266 49 266 50 338 46 144
139 4.2740011798418678 -2.0927236212138713 2.2083489099092444 43 36 34 0.45799828279700439 48 336 49 268 50 339 45 239
140 3.5607501616072921 -1.8749963227175979 1.6298700935601318 194 154 129 0.21982379745767414 48 268 49 270 50 264 45 240 46 281 47 267 44 229 43 211 39 194 38 204 33 201 34 192 35 184 32 183 42 176 41 171 40 135 41 128 37 132 36 135 31 140 30 141 27 133 22 19 28 59
141 3.8634663300317058 -1.8862613408053397 1.7312831903235755 55 42 28 0.28980561968707452 48 269 49 271 50 265 45 242 46 282 47 268 44 230 43 213 39 195 38 205 33 202 34 155 34 193 35 185 32 146 42 138 40 136
142 3.8381991417010353 -1.8616791440198188 1.7205978974074152 64 47 33 0.16110343509995459 48 270 49 272 50 266 45 243 46 283 47 269 44 231 43 214 39 196 38 206 33 166 34 157 35 143 32 148 42 139 40 84 31 20
143 4.0470266927349146 -1.8483086611479629 1.8499398203174064 40 30 23 0.35417780907138535 48 271 49 273 50 270 45 244 46 231 44 232 39 148 33 115 34 117 35 41 32 34
144 4.0470266927349146 -1.8483086611479629 1.8499398203174064 40 30 23 0.35417780907138535 48 272 49 274 50 271 45 245 46 232 44 233 39 149 33 116 34 118 35 42 32 35
145 3.780760921964466 -1.8050291698593097 1.7025317317890944 100 76 56 0.19834840544687354 48 273 49 275 50 273 45 246 46 284 47 272 44 234 43 215 39 198 38 208 33 203 34 194 35 146 35 186 32 151 42 142 41 131 40 137 37 133 36 136 31 85
146 3.9326393850747503 -1.6344166364727546 1.8011502667352606 92 69 55 0.11977141605784088 48 275 49 276 50 277 45 247 43 170
147 3.9321867045470973 -1.6356304800087786 1.805845112933546 92 69 55 0.25217172054478076 48 276 49 277 50 278 45 248 43 171 33 170 34 160 35 149 32 154 37 85 36 29
148 4.0328171583568722 -1.6437916233014565 1.9029303682177927 106 85 70 0.36900072580432802 48 277 49 278 50 279 45 250 46 287 47 275 44 239 43 221 39 203 38 215 33 211 34 202 35 193 32 156 42 145 41 134 40 92 36 34
149 3.8739884483735207 -1.6245978263515626 1.7809795341248631 84 60 43 0.17396625396325541 48 278 49 280 50 280 45 249 46 286 47 274 44 238 43 220 39 202 38 214 33 210 34 201 35 192 32 188 42 181 40 140 37 137 36 141 31 145 30 95
150 3.0003887061143595 -1.608540168230385 1.8741341366117354 229 185 159 0.67150484335747795 48 220 49 282 50 148 45 310 46 389 47 406 44 404
151 3.9547742116398843 -1.5223940023234563 1.8153080300881956 166 89 60 0.17939466392129721 48 280 49 284 50 282 45 253 46 290 47 277 44 242 43 224 39 266 38 269 33 212 34 239 35 196 32 239 42 228 41 179 40 200 37 200
152 3.9548122619309471 -1.5228075554710094 1.8177195545994154 166 89 60 0.16799055662520943 48 281 49 285 50 283 45 254 46 291 47 278 44 243 43 225 39 267 33 213 35 197 41 180
153 4.0550214756095961 -1.5095346380594601 1.8823993129509198 144 110 86 0.33673250509298036 48 346 49 286 50 387
154 3.8827827257819685 -1.4493079554717412 1.8422506028383803 122 55 37 0.12692458777654916 48 283 49 288 50 288
155 4.3003899920020752 -1.4316684109731341 2.6079253202771766 29 22 14 0.30872151684665161 48 287 49 291 50 351 45 204 46 173
156 3.9113327641193796 -1.2652209042104741 1.8869813657191246 185 118 91 0.066306161501095612 48 289 49 292 50 292 45 259 46 299 47 285 44 250 43 234 39 213 38 223 34 167 35 159 32 163
157 3.0420990664383938 -1.1863035328819194 1.8976493430355175 94 53 42 0.36830541851472343 48 231 49 294 50 228 45 262 46 302 47 287 44 253 43 236 39 217 38 227 33 218 34 206 35 203 32 199 42 233 41 230 40 206 37 205 36 220 31 215 30 218 27 202 22 195 29 199 28 141 24 149 21 146 25 130 26 106 23 70 20 38 19 33
158 3.04211527297312 -1.1870999450718651 1.8985665657108663 94 53 42 0.2603604941010001 48 232 49 295 50 229 45 263 46 303 47 288 44 254 43 237 39 218 38 228 33 219 34 207 35 204 32 200 42 234 41 231 40 207 37 206 36 221 31 216 30 219 27 203 22 196 29 200 28 142 24 150 21 147 25 131
159 3.0443431547199369 -1.076552743761382 1.9652564793875844 239 182 161 0.68567434005625938 48 236 49 298 50 234 45 264 46 306 47 352 44 315 43 302 39 277 38 315 33 313
160 4.2108292993323273 -1.0357260866512787 2.7659199304655817 70 58 32 0.89551104542804527 48 297 49 299 50 236 45 320 46 350 47 354 44 320
162 4.0535184749651609 -0.80823772323780008 2.4957599766351812 159 134 97 0.28279729972034895 48 300 49 302
163 4.3464672523675798 -0.64632121147198329 2.8553151679625794 125 98 68 0.50551027895702572 48 307 49 305 50 304 45 275 46 253 47 236 44 211 43 189 39 119 38 129 33 133 34 136 35 81
164 4.3998161217394767 -0.3210188610539651 3.1396456004127922 48 36 25 0.42449977225284535 48 310 49 306 50 308
165 3.9593573030677169 0.94070017374992199 1.7830606103115594 30 23 17 0.46616846727665312 48 367 49 315 50 370 45 334 46 361 47 315 44 330 43 261 38 251
166 3.6113474902500942 1.627529862929038 1.888445019981698 19 14 16 0.44371689936670267 48 320 49 317 50 320 45 292 46 326 47 367 44 334 43 320 39 291 38 254 33 272 34 260 35 246 32 250 42 248 41 248 37 222 31 202
167 3.8641883915706279 -2.5457348171461436 2.2281922451954603 255 255 255 0.19077095754207077 48 326 49 324 50 327
168 3.9141788545420608 -2.3404658065866393 1.8937421997684776 104 86 71 0.18706465736474562 48 330 49 325
169 4.1882696124295435 -2.443786505613128 2.3703441923458151 132 105 81 0.1487392465661104 48 261 49 326 50 257 45 233 46 271 47 259 44 223 43 205 39 135 38 145 33 158
170 3.8458507693693993 -2.2466651209793533 1.7789697222052463 84 68 54 0.30257594952395306 48 331 49 327 50 332 45 295 46 330 47 327 44 290 43 274 39 252 38 257
171 3.2950335528727335 -2.0683076175567998 1.6465950026599301 165 125 100 0.16155646002768084 48 334 49 328 50 335 45 298 46 331 47 330 44 294 43 279 39 255 38 259 33 246 34 228 35 226 32 231 42 219 41 215
172 3.3277029505517466 -2.0373149360199343 1.6198436591629777 212 165 139 0.62794986268072439 48 335 49 329 50 337 45 299 46 333 47 332 44 295 43 280 39 297 38 296 33 275 34 267 35 249 32 252 42 250 41 253 40 229 37 228 36 232 31 230 30 230 27 210 22 199 29 206 28 172 24 179 21 131 26 89 23 54
173 3.6827447418983223 -1.8241382300512738 1.6625975003835025 149 117 96 0.14375068593900989 48 339 49 330 50 342 45 302 46 336 47 335 44 296 43 283 39 258 38 262 33 250 34 232 32 233
174 3.8104190715138246 -1.7925617712451618 1.7171880618434758 116 91 73 0.2238228966391228 48 340 49 331 50 343 45 303 46 337 47 336
175 3.8108669273721576 -1.7926726986004193 1.7141599753816401 116 91 73 0.25217558569041876 48 341 49 332 50 344 45 304 46 338 47 337 44 297 43 217 39 199 38 209 33 204 34 195 35 187 32 184 42 177 41 173 40 164 37 135 36 138 31 143
176 3.9191064292505979 -1.6916210851560463 1.7876255151056677 92 70 55 0.10916597014857929 48 342 49 333 50 345 45 306 46 339 47 273 44 236 43 219 39 200 38 210 33 205 34 196 35 188
177 3.8752148655552485 -1.6592020162437093 1.7745143385049631 109 85 69 0.097653712914547552 48 343 49 334 50 346 45 307 46 340 47 340 44 298 43 286 39 260 38 211 33 206 34 197 35 189 32 185 42 178 41 175 40 167
178 3.2897068400427281 -1.6321168695423696 1.6328334281138128 228 187 163 0.27821181794091826 48 344 49 337 50 347 45 309 46 342 47 339 43 285 38 263 40 165 31 174 30 172 27 136 28 61
179 3.0567766679409867 -1.5114578082514027 1.8689574315446582 195 148 115 0.10163941842967346 48 345 49 338 50 348
180 3.896901504304922 -1.4974514775736762 1.8344682709604354 120 46 31 0.66716183854534683 48 347 49 339 50 349 45 311 46 292 47 280 44 244 43 226 39 207 38 163 41 137 37 96 36 100 31 108
181 3.1267180582826479 -1.4878680507450834 1.8816005338534854 228 185 155 1.1143549983163388 48 348 49 341 50 285 45 354 48 384 46 418 45 377 47 408 44 381 43 368 39 331 38 327 33 307 34 300 35 281 32 284 42 270 41 274 40 253 37 244 36 250 31 247 30 252 27 217 22 201 29 209 28 196 24 203 21 178 25 184 26 160
182 3.8918269972602908 -1.4363554032797186 1.8662881774987137 118 50 28 0.68167884391208855 48 285 49 342 50 289 46 343 47 343 44 307 43 294 39 273 38 271 33 257 34 243 35 236 32 242 42 229 41 224 40 201 37 201 36 218 31 212 30 214 27 199 22 192 29 197 28 138 24 144 21 140
183 3.8682882417664555 -1.2827176101102051 1.9017628357154763 241 181 153 0.14460251189505513 48 350 49 343 50 353 45 313 46 345 47 345 44 308 43 296
184 3.9453067331563734 -1.2180959375150959 2.0725747804261192 140 111 88 1.0196472513304142 49 344 47 346 44 310 43 298 39 216 38 226
185 3.1077120039497084 -1.1908716244660773 1.8909579133443071 175 114 95 0.31553588701943375 48 291 49 345 50 293 45 261 46 347 47 348 44 311 43 299 39 275 38 274 33 259 34 248 35 239 32 245 42 190 41 186 40 176 37 174 36 181 31 182 30 153 31 152 27 144 22 142
186 4.2603822440547763 -1.2436334514460174 2.6809168996087509 28 23 10 0.40181857694122924 48 354 49 346 50 294 45 315 46 304 47 227
187 2.9678635563937052 -1.1705034484164796 1.8921286740576513 71 13 10 0.28568413049793306 48 390 49 347 50 357 45 316 46 348 47 389 44 314 43 301 39 276 38 275 33 260
188 2.965522768199405 -1.1401623376684917 1.9568206568392841 255 255 255 0.98449429949566003 48 394 49 348 50 395 45 317 46 243 47 290
189 4.3116198906243097 -1.1151360644701032 2.7053941575770146 31 16 8 0.12005971754259749 48 355 49 350 50 359 45 319 46 349 47 353 44 316
190 3.2093550126474644 -0.97220826064011867 1.9084978348177191 227 173 152 0.40446616170569549 48 358 49 351 50 360 45 321 46 351 46 399 47 355 47 391 44 319 44 364 43 303 39 315 38 316 34 281 32 267 40 242
191 4.4168479004908576 -0.97774904582033517 2.7571475580119058 76 62 38 0.09950935653136761 48 396 49 352 46 352
192 4.3515773493276715 -0.83438089847319674 2.7654582437300537 119 93 63 0.49410272485282508 48 359 49 353 50 361 45 323 46 353 44 264 43 249 39 231 38 237 33 189 38 183 34 176 35 127 32 125 42 67
194 3.3735865195828634 -0.74626125090090545 2.2134737261990467 255 255 255 1.17974721878499 48 397 49 355 45 158
195 3.4005906454175099 -0.72316379449525259 2.3313954613261498 107 75 51 0.47863356522382039 48 304 49 357 45 360 46 402 47 417 44 411 43 415 39 387 38 374 33 359 34 354
196 4.3221035385858828 -0.4839667186204778 2.8931193428928497 100 73 47 0.30608091422510053 48 362 49 359 50 364 45 279 46 358 47 306 44 327 43 254 39 233 38 186
197 4.3890580578398408 0.51359884984860404 1.4965425726458144 16 15 16 0.97068335245616388 48 314 49 362 46 318 45 329 44 276 47 311 43 258
198 3.8549782360622085 0.63905972671630218 1.710664440129894 25 19 17 0.36490774277497956 48 366 49 364 50 368 45 331 46 359 47 361 44 328 43 311 39 285 38 288 33 269 34 254 35 245 42 243 41 240 40 217 37 211 36 227
199 3.9791446820907508 0.6873798186743133 1.6980684500550702 189 143 101 0.21098827400628639 48 316 49 367 50 369 45 333 46 360 47 362 44 329 43 312 39 286 38 289 33 295 34 288 35 268 32 249 42 244 41 241 40 218 37 212 36 228 31 224 30 225 27 207 22 173 29 169 28 156 24 124 20 53
200 4.0594004615229267 -2.6089043700568029 2.2748253089453994 170 136 99 0.36744922491233234 48 368 49 374 50 374 45 339 46 367 47 369 44 335 43 323 39 292 38 255 34 225
201 3.9703912251656601 -2.5720120303844918 2.2533448915125023 154 123 84 0.31735831486482963 48 369 49 375 45 340 46 368 47 370 44 337 43 324 39 293 38 293 33 244 34 263
202 4.1994670919380983 -2.3915203899001423 2.3778920799487384 132 104 78 0.4091734030261695 48 370 49 376 50 375 45 342 46 370 47 328 44 292 43 277 39 254 38 199
203 4.117690244527191 -2.2618414904882607 2.1330106734532568 55 50 44 0.83630038519851235 48 402 49 377 50 407 45 297 46 275 47 261
204 3.3858266822918379 -2.1216255519151939 1.6479992201566749 118 91 67 0.15759801365283993 48 372 49 378 50 334 45 343 46 371 47 373 44 340 43 327 39 295 38 295 33 274
205 4.0819196111772893 -1.9868385157326347 1.8819005760585243 90 79 66 0.68010234009747861 48 406 49 380 45 345 45 371 46 376 46 414 47 404 44 344 43 332 39 299 38 299 33 248 34 191 35 142 32 28
206 4.0820498924559603 -1.9806504930939104 1.8743407952930164 90 79 66 0.30538633412290067 48 374 49 381 50 377 45 346 46 377 44 345
207 3.6074481163565948 -1.8786028892826325 1.6386240745445557 129 92 68 0.099169407009028557 48 338 49 382 50 378 45 301 46 379 47 334 44 346 43 282 39 257 38 261 33 249 34 231 35 227 32 232 42 220 41 172 40 163 37 160 36 166 31 141 30 142 27 134 22 76 29 68 28 9
208 3.7143124114998498 -1.8516548719284172 1.6742306811033578 139 110 89 0.62897885783987384 48 375 49 383 50 379 45 347 46 380 47 375 44 347 43 333 39 300 38 300 33 278 34 271 35 251 32 254 42 221 41 216 40 196 37 196 36 214 31 172 30 169 27 160 22 130 29 118
209 3.6873404331606836 -1.7847695458553585 1.6813120971389928 125 95 73 0.18393405229564436 48 376 49 384 50 380 45 348 46 381 47 376 44 348 43 334 39 301 38 301 33 279 34 272 35 252 32 234 42 251 41 255 40 231
210 3.6484133848878941 -1.752010861629965 1.676566713940483 150 113 90 0.23113456072231134 48 377 49 385 50 381 45 305 46 382 47 338 44 349 43 284 39 259 38 302 33 251 34 233 35 228 32 236 42 222 41 217 40 197 36 168 37 197 31 209 30 171
211 3.6916956865376807 -1.7339770878387732 1.691211797932443 179 143 118 0.094161260679714032 48 378 49 386 50 382 45 349 46 383 47 377 44 352 43 337 39 302 38 304 33 280 34 273 35 253 32 255 42 253 41 256 40 232
212 3.9962827003533672 -1.6561425200587361 1.8523507540466189 65 50 37 0.1458918646899672 48 381 49 388 50 384 45 350 46 386 47 342 44 300 43 288 39 262 38 264 33 209 34 200 35 191
213 3.2526733882447569 -1.6087032161649732 1.640761050290257 141 105 78 0.2615431744122606 48 382 49 389 50 385 45 351 46 387 47 381 44 353 43 339 39 305 38 306 33 281 34 275 35 256 32 258 42 256 41 258 40 234 37 231 36 236 31 232 30 235 27 214
214 3.8133040104900733 -1.6127272624729032 1.7628927844116351 140 111 91 0.17289328420032804 48 383 49 390 50 386 45 352 46 388 47 382 44 301 43 289 39 263 38 266 33 253 34 235 35 229 32 237 42 223 41 218 40 169 37 163 36 171 30 145 27 137 22 86 29 25
215 3.8459423167160076 -1.4584522979320862 1.8416481326393874 228 185 154 1.1714451796766321 48 385 49 392 50 388 45 355 46 391 47 385 44 306 43 342 39 271 39 306 38 309 33 255 34 241 35 234 32 195 41 141 40 144 37 141 27 49
216 4.4238776753651372 -1.4935469614744634 2.7393381883727344 255 255 255 0.34351589731988907 48 349 49 394 47 344
217 3.7343142333114394 -1.3706196502133881 1.8390262575544161 186 140 112 0.26051090387207615 48 387 49 395 50 389 45 356 46 392 43 343 41 226 37 202 27 171 22 163
218 3.0240352857519701 -1.2636236040314848 1.8467209515322984 211 155 134 0.22365169408846169 48 389 49 396 50 391 45 357 46 395 47 387 44 360 43 346 39 311 38 313 33 289 34 278 35 259 32 264 42 258 41 261 40 239 37 236 36 240 31 236 30 240 27 222 22 208 29 214 28 200 24 188 21 185 25 156 26 126
219 3.139597938775625 -1.1527895444497582 1.870114943868223 239 193 166 0.29182215460955779 48 393 49 398 50 394 45 383 47 413 44 388 43 372 39 335 38 330 33 311 34 304 32 291 42 275
220 4.0341086003163857 -2.5250810992136188 2.2372772676656081 187 147 105 0.7237727002923986 48 435 49 408 45 367 46 409 47 398 44 371 43 360 39 328 38 323 33 303 34 264 35 247 32 228 42 171
221 3.7029981000906642 -2.2455495973830732 1.7479101198123392 108 91 75 0.49685866785659055 48 436 49 410 50 447 45 369 46 411 47 399 44 373 43 361 39 329 38 294 33 273 34 266 35 248 32 230 42 218
222 4.0921422683213136 -2.3611266242434632 2.1961118129670369 97 79 63 0.84647527908024911 48 401 49 411 50 406 45 341 46 369 47 372 44 291 43 276 39 191 38 89
223 4.3204745826587674 -2.3092845956546562 2.4791776307494287 59 48 33 0.42844830923632787 48 333 49 412 50 333 50 409 46 277 47 262 44 225
224 3.9278148101969723 -2.0328877019132139 1.7570962316005301 49 38 28 0.12772658240703907 48 404 49 413 50 411 45 370 46 412 47 401 44 343 43 331 39 298 38 298 33 277 34 270
226 4.3666807283171618 -1.7607553068916979 2.6583097757612584 43 35 25 0.24607018890280041 48 440 49 415 50 450
227 3.944769929391915 -1.613406968314719 1.8422786548604153 81 57 42 0.52949513142446825 48 441 49 416 45 374 47 405 43 341
228 3.2740117336837278 -1.5601733483234241 1.6633267453735041 231 187 161 0.57381405168387711 48 409 49 417 50 414 44 378 43 364 39 330 38 325 22 220 29 228 28 211 24 221 21 210 25 220
229 4.4190926857102202 -1.6878308903476331 2.7009029686030881 255 255 255 0.31907902346666761 48 410 49 418 50 415 45 376 46 417
230 3.8420108332615275 -1.4713055798120562 1.834127040681794 225 181 151 0.28703142387459746 48 411 49 419 50 416 45 378 46 419 47 409
231 3.8420108332615275 -1.4713055798120562 1.834127040681794 225 181 151 0.28703142387459746 48 412 49 420 50 417 45 379 46 420 47 410
232 3.9377483604383743 -1.4667315423995417 1.844377407960113 241 198 172 0.38868294632295269 48 413 49 421 50 418 45 380 46 421 47 411 44 382 43 369 39 332 38 328 33 308 34 301 35 283 32 286 42 271 40 254 37 234 36 238 31 235 30 238 27 220 22 205 29 212 28 198 24 206 21 183
233 4.4328325267187729 -1.4928635507829047 2.7491143353283389 255 255 255 0.10865070681170232 48 415 49 423 50 420 45 381
234 4.4481332623100673 -1.2671643699145594 2.7526272802987157 255 255 255 0.45851031001371073 48 417 49 424 45 382 47 434 44 387 39 334 33 312 34 279 35 262
235 3.9915083000261937 -1.205186528201911 2.151457251107975 136 113 84 0.21159022238096789 48 418 49 425 50 422 45 359 46 398 47 349 44 313 43 238 39 219
236 3.8753593043669454 -1.1619348801989389 2.0152101315027875 151 115 91 1.1880172133225977 48 420 49 426 50 423 45 384 46 423 47 414 43 348 39 314 38 314 34 250 38 276
237 3.3520583597333307 -0.73194461958935308 2.2858246726858229 255 255 255 0.4627410127433097 48 398 49 430 50 427 48 423
238 3.3885343193519146 -0.50595552160909141 2.3502840119973101 255 255 255 1.1478236998724063 48 452 49 431 50 482
239 4.4474552602885469 -0.27721457510293118 3.1794204684109104 255 255 255 0.43314536055709779 48 454 49 432 50 429
240 4.0001658783865874 0.88301614723377408 1.7541244511199188 200 162 115 0.29552563834593626 48 429 49 435 50 432 45 397 46 445
241 3.7104212984504192 -2.1464013033323073 1.6935767378976967 93 71 54 0.23117509986609061 48 437 49 439 50 448 45 402 46 435 47 427 44 400 43 388 39 371 38 357 33 342
242 4.3753199293257836 -1.9510648244999367 2.6033910081905831 47 36 24 0.62208320708036935 48 439 49 441 50 466 45 404 46 436 44 377
243 3.0285517481255653 -1.4360910556644904 1.9198632125953914 223 172 141 0.3454201527610179 48 442 49 442 50 419
244 3.7962810216426504 -1.3642795057175643 1.8507461406863766 239 199 164 0.15291068121527271 48 443 49 443 50 451 45 406 46 438 47 430 44 406 43 370 39 333 38 329 33 309 34 302 35 284 32 289
245 3.8520673628278121 -1.332031957295047 1.9238805411332671 153 81 64 2.0417555287782854 48 444 49 444 50 452 45 407 46 440 47 433 44 384 43 371 38 311 33 287 34 245 35 237 32 243 42 189 41 185 40 105 37 46
246 4.3932695349340047 -1.1437798347881134 2.754707244747042 46 37 24 1.2253470618276812 48 445 49 445 50 477 45 408 46 441 47 435 44 429 43 396 39 377 38 349 33 347 34 318 35 302 32 294 41 194
247 4.4016728519938155 -0.89372286126314116 2.8037546063738725 63 50 27 0.72443297796216199 48 479 49 446 50 480 45 409 46 442 47 437 44 391 43 398 39 337 33 316 34 282 34 306 35 264 32 269 42 260
248 3.3867788867575124 -0.85860610065082721 1.9656297300209851 219 171 142 1.5146911625222721 48 447 49 447 50 454 45 433 46 462 47 460 44 431 43 414
249 3.2828647900322556 -0.81960021541936567 1.9857575177421358 227 182 153 0.12280538963309401 48 448 49 448 50 455 45 410
250 4.3689180686334312 -0.72347165535081404 2.855719962414899 52 34 13 0.83459351530175341 48 449 49 449 50 456 45 411 46 443 47 438 44 410 43 399 39 356 38 351
251 3.5341014664949286 -0.69136519876959124 2.2009217943753767 226 189 151 0.53241407915778582 48 450 49 450 50 428 46 463
252 4.4335053945073275 -0.64467964055293692 2.9268384872339217 255 255 255 0.53112760188887609 48 451 49 451 50 457 45 412 46 427 47 418 44 412 43 378 39 338 33 318 34 324
253 3.305136990975559 -0.39453661076319912 2.657938177695399 8 6 5 1.7100286737091508 48 453 49 452 50 458 45 391 46 405 47 396
254 3.9184824321045291 1.3322130074565413 1.8495680196190551 19 12 8 0.84546649426163412 48 431 49 453 50 437 45 418 46 446 47 443 44 416 39 363 38 354 33 337 34 326 42 287 41 269 40 268 37 241 29 174
255 3.8671707013672001 1.4927153506213844 1.9003670892350337 32 26 22 0.41321124600889186 48 461 49 454 50 438
256 4.0938313684430074 1.7998942532256625 1.7054929063358801 222 169 135 0.55867858183298635 48 465 49 455 50 461 45 419 46 473 47 467
257 4.0990822124265529 1.7949598564494034 1.6818360024253636 222 169 135 1.3512505843482958 48 466 49 456 50 462 45 420 46 434 47 425 44 399
258 4.1587339485974955 -2.5986883214384116 2.387399490836565 97 77 58 1.1853337223194609 48 467 49 457 50 463 45 421 46 408 47 447 50 487
259 3.2200626372587409 -1.4919513042359676 1.8088835019455298 91 78 69 0.67532519760914256 48 470 49 459 50 469 46 478 47 472 44 442 43 423 39 384 38 369 33 354 34 345 35 322 42 326 41 324 40 307
260 4.3662928840108011 -1.5702671227775935 2.7429873247075389 58 46 30 0.11706822993828951 48 471 49 461 50 470
261 3.3038843570435965 -1.394747332826846 1.8291419992760216 233 183 146 1.6447024607594707 48 472 49 462 50 471 44 444 43 424 38 370 33 355 34 348 35 324
262 4.3868570149436934 -1.3539253954869714 2.7324407851417085 31 22 15 0.49556334133236085 48 473 49 463 50 473 45 426 46 455 47 454 44 407 43 394 39 353
263 3.8375185791305708 -1.2130594709597076 1.8806907411075988 237 188 158 1.0432270235625978 48 474 49 464 50 474 45 427 46 456 47 455 44 426 43 410 39 386 38 373 33 358 34 350 32 314
264 3.7792096941193987 -1.1110125790449401 1.945604327367493 150 114 86 1.4478870580835888 48 490 49 465 50 493 45 428 46 457 47 456 44 445
265 3.0913422955788619 -1.1177942513051942 2.0616640132568871 228 182 153 1.5652519119610548 48 476 49 467 50 476 45 430 46 459 44 428 43 411 39 376 38 362 33 346 34 335 35 311 32 316 42 304
266 3.8581697390232312 -1.0666222418253524 2.059909026701416 219 173 137 0.12863104507811207 48 477 49 468 50 478 45 431 46 460
267 3.8598755567337637 -1.0644133187168043 2.0517692107581511 219 173 137 0.41431454822301839 48 478 49 469 50 479 45 432 46 461 47 458 44 430 43 412 39 378
268 4.0945232866612029 -0.97068512858521838 2.753785474523514 255 255 255 0.23092451111766241 48 492 49 470 50 496
269 3.2745947882588782 -0.83347212075328259 2.0047910364089638 229 185 156 0.33041450957241825 48 480 49 471 50 481 45 434
271 4.2031254108869502 1.501529098586657 1.6514761062798744 255 255 255 1.3610324423936224 48 485 49 477 50 459 45 437 46 469 47 465 41 304 48 462 44 417 39 366
272 4.2054990765726918 1.5089281461588215 1.6553904803896446 255 255 255 0.57175098656491752 48 486 49 478 50 460 45 438 46 470 47 466 41 305 40 285
273 4.1925602965790381 -1.9116665376424582 1.999918001510081 74 65 52 0.35578603040517465 48 487 49 480 50 488 45 425 46 451
274 3.1064577619540339 -1.5921002590191611 1.7366896352415548 138 100 80 0.72757258478520315 48 469 49 481 50 467
275 3.0615407467807838 -1.011417675982182 2.1147061640875222 201 103 100 1.7727054552242352 48 491 49 482 50 495 45 444 46 480 47 474 44 447 43 425 40 309 42 330 37 303
276 4.1657672402132668 -0.5886257632700751 2.7741456338696966 255 255 255 0.66721172240483495 48 498 49 483 50 510 45 446 46 464
277 3.8117676600678436 -0.52641174869606122 2.1977486806877087 207 163 121 0.46941042240473407 48 493 49 484 50 497 45 447 46 481 47 477 44 448 43 427 39 388 38 375 33 360 34 355 35 313
278 3.834080330515381 1.7080328965044593 1.8903486164216579 24 20 14 1.5540830257988802 48 502 49 489 50 505 46 488 47 495 44 464 43 442 39 396 38 381 33 372 34 368 35 337 32 348 42 332 41 314 40 311 37 294 36 289 31 294 30 286 27 281 22 278 28 265
279 2.9002979081910882 -1.5180055450919328 2.0401242101025012 255 255 255 1.3634164716210972 48 495 49 490 50 489 45 455
280 3.1767329994242117 -1.3321524586279743 1.8431362970940741 240 190 163 1.2278151548017624 48 496 49 491 50 508 45 456 46 492 47 489 44 467 43 445 39 405 38 393 33 374 34 369 35 339 32 345 42 336 41 326 40 315
281 3.5284395069712842 -1.2694051412170124 1.7142390798418052 189 142 112 1.1876319456623743 48 497 49 492 50 509 45 457 46 493 47 490 44 455 43 434 39 400 38 387 33 367 34 363 35 336 32 339 42 329 41 321 40 308
282 3.430445732270873 -0.80980537475286385 2.2834088882287742 147 111 83 1.3067000188156281 48 507 49 494 50 518
283 4.347629142326018 -0.50591019222766409 2.9525332106996109 52 34 16 1.5036519810205708 48 499 49 495 50 511 45 459 46 494 47 491 44 458 43 436
284 3.0440634315260513 1.7464089850762856 2.4147028732843134 9 8 7 1.588036803711832 48 494 49 498 50 513 45 451 49 476 46 487 47 493 44 462 43 440 39 381 33 351 34 367 35 333 42 323
285 4.0736670151294003 1.7604981315204311 1.6941722422135177 221 170 137 2.2884735759808774 48 503 49 499 50 514 45 463 38 382 34 359 30 287
287 3.31867713693181 -2.1947696875389822 1.7373284229033004 84 66 47 0.43613372048762367 48 505 49 501 50 516 46 497
288 3.2419367844429163 -0.57385966689009271 2.5510370362076045 255 255 255 0.86197505756799531 48 509 49 504 45 468 46 502 47 500 44 471
289 3.032603147515136 -0.020623127163147736 2.8727204030688802 9 8 5 0.27338535488169347 48 512 49 505
290 3.3869874053616211 -0.095324924523568513 2.5412024716123134 232 181 137 0.88500259902008027 48 511 49 506 50 520
291 3.8046170209959813 -2.405147430453908 1.923563761985384 125 106 91 0.31923616139759109 49 2 50 3 45 3
292 3.6627680801362499 -2.3128546604519662 1.7787647669952049 74 62 52 0.39993439608306358 48 9 50 8 46 10 47 12
293 3.86717657975439 -2.2651378904193917 1.8058130813835604 59 45 35 0.39122072934809526 48 20 50 15 45 19 46 21 47 22 43 16 39 8
294 3.6075018472513647 -2.2323563852429933 1.7268431611521025 79 64 50 0.49035974727570308 49 19 50 19 45 22 47 23 44 109 43 18
295 3.4537822237964426 -2.2184981949403806 1.6933791631476509 95 82 62 0.31688505489354324 49 115 50 21 45 123 46 132
296 3.8440475388891069 -2.2130155383167764 1.7666516650915696 65 49 36 0.19215426457558676 48 28 50 24 45 28 46 30 47 29 43 23 39 16 33 18
298 3.8510666543689518 -2.1346049473340001 1.7364730999455531 90 74 63 0.38984356148993016 48 136 50 35 45 48 46 51 47 47 44 44 43 30 39 25 38 21 33 21 34 25 35 24 42 20
299 3.8169054557996507 -1.9921610208220777 1.6965268188508169 92 74 58 0.18445786991138652 48 52 50 44 46 59 47 55 44 50 43 34 39 32 34 38
300 3.652053447300966 -1.93513495038712 1.6469496036804587 156 121 97 0.39349592555223478 48 53 50 46 45 138 46 147 44 124 43 35 38 154 34 39 42 27 41 81 40 82 37 79 36 77 31 78 30 91 27 18 22 18 29 9
301 3.8532892313079761 -1.9487101515137932 1.7227633572170287 54 39 25 0.3132358569654638 49 46 50 47 46 60 47 58 44 51
302 3.8532415669726232 -1.948600651769161 1.7239305170980028 54 39 25 0.34244982595261814 49 47 50 48 46 61 47 59 44 52 33 31
303 3.6935414653145702 -1.8750360713922551 1.6587065420707277 117 88 65 0.23015938153284837 49 54 50 53 45 64 46 66 47 65 38 31 33 35 42 30
305 3.747977595031136 -1.8299228999170067 1.6600223782012062 88 61 40 1.774962681200916 48 64 50 56 45 70 34 46 32 33 37 24 46 71
306 3.8953105542605555 -1.8023087179441024 1.7428401159925002 63 46 31 0.24375786046660833 49 62 50 58 46 73 47 70 43 42 38 35 33 37 34 47 35 40
307 4.0378395277964358 -1.7355729715116206 1.8496820293639387 51 39 28 0.053041548462598391 48 67 50 62 45 75
308 3.8043013271824311 -1.6906381973147606 1.7413730007916763 129 104 82 0.17296451177205208 49 66 50 64 35 53
310 3.3154414885607499 -1.4767270771594996 1.7077432015299636 98 60 42 0.21313554490470685 49 75 50 75 45 148 46 91 47 161 44 141 42 101 41 90 30 100 27 92 22 90 29 74 24 28 21 71 25 26 26 23 23 28 20 23
311 3.1404016473176948 -1.2126133850883722 1.8769828760184895 232 183 157 0.45856361805886509 48 83 50 83 45 153 44 146
312 3.0672991784533106 -1.1719898304241734 1.9034493025285495 226 177 159 0.098987952575320171 49 80 50 84 47 95 44 84
313 3.1961979737043982 -1.0324970120360033 1.8965086298331573 195 140 119 0.26316245360281926 48 90 50 85 46 178 47 168 44 200 39 170 33 184 34 172 35 163 32 167 41 153 40 152 37 148
314 3.9086618685455914 -1.0478888583513262 2.0894259710348999 172 126 93 0.015901609323091179 49 83 50 86 45 90
315 4.0903482055874383 -0.27900607661644972 2.3823850258145787 218 176 150 0.82675599095231422 48 171 50 89 46 111 44 96
316 3.9165508743619726 1.3910751000094232 1.8552841985836319 41 31 27 0.48263742820978717 49 179 50 97 46 201 40 122 31 133 30 133 27 75 22 123 29 109
317 3.5883594139260406 1.6576507912096767 1.9049026413401617 34 32 26 0.28797162160550394 49 180 50 99 43 90
318 3.587748966739619 1.6577713253514532 1.9056227135611299 34 32 26 0.30960483179291443 49 181 50 100 46 206 43 91
319 3.573609460701574 -2.3751003730274243 1.8492252454915483 118 98 75 1.7985865032772501 49 187 50 108 45 228 46 210 47 255 32 83
320 4.0563279018555187 -2.3593900847653146 2.2109874377723284 95 81 65 1.1078737975479449 48 25 49 16 50 117
321 3.8174273791747941 -2.2495567706634736 1.7733642343331086 101 83 68 0.88551754427661766 48 120 50 118 45 120 46 130 47 128 44 110
322 3.4300338249059181 -2.1371530648937531 1.6526976162403773 107 82 58 0.43251378827230197 49 127 50 127 46 141 47 137 43 160 39 136 38 146 33 159 34 147 35 138 42 133
323 4.0542617688870273 -2.0669462860438887 1.8682702846648673 53 44 35 0.063297535845013297 48 50 50 132 45 56 44 49
324 3.9067893883481339 -1.7571993487424313 1.7600827502634828 97 77 61 0.16281479722070136 49 146 50 144 46 156 47 153 44 130 43 125 35 50 42 34
325 3.2200094870630722 -1.0143526649431929 1.8956488817270358 137 59 51 0.13868198499220161 49 233 50 159 46 248 47 294 44 203 43 244 39 224 38 234
326 4.3212695976922308 -1.0265192773385494 2.7078210434222552 69 47 21 0.58795751266147156 49 86 50 160 45 155 46 106 44 91 43 71 39 72 38 64 33 72 35 78
327 4.2626559428264379 -0.67679877992477855 2.8493361263489474 49 26 8 0.16946089815686755 48 168 50 164 45 212 46 252 47 235 44 208 43 188 39 177 38 184
328 4.0359757200626971 -2.594933247717214 2.2269035433304691 172 140 99 0.1240553489228761 49 251 50 184 45 225
329 4.1143223441237291 -2.2890645534005989 2.1894556801216414 40 33 28 0.17667314821762251 48 127 50 199 45 38 46 46
330 4.0367952936453744 -2.1763229882615467 1.900462641031196 61 53 39 0.14983891314626541 49 196 50 203 46 216 47 201 44 177 39 98
331 4.0367952936453744 -2.1763229882615467 1.900462641031196 61 53 39 0.14983891314626541 49 197 50 204 46 217 47 202 44 178 39 99
332 4.1864063957128703 -1.8620627283596651 1.9762680164981168 82 71 59 0.41644033398646041 48 215 50 213 47 151
333 4.215200802649484 -1.6563002995839782 2.0589158991141625 35 28 21 0.22292769861044173 48 154 50 217 45 144 46 83 47 83
334 4.215200802649484 -1.6563002995839782 2.0589158991141625 35 28 21 0.22292769861044173 48 155 50 218 45 145 46 84 47 84
335 4.2520146120146629 -0.095653664421598741 1.9231364674030282 216 168 137 0.48738198656512072 48 245 50 243 45 94 47 240 44 159 43 150 38 132 33 139 34 137 35 131 32 130 42 121 41 112
336 3.6717571142854295 1.7141732379302697 1.9117027907258597 50 48 49 0.30437703418268003 48 249 50 248 45 224 46 263 47 253 44 284 43 267 48 323 39 187 33 241 32 178
338 3.6750683829010775 -1.9822299159526537 1.6544474867712879 118 88 65 0.14639030151122151 49 267 50 263 46 280 47 265 44 228 43 209 39 192 38 201 33 163 33 199 34 152 35 183 32 142 42 137 41 127 40 134
339 4.3928602302635156 -1.884525596128011 2.7527636195197527 255 255 255 0.14635788120783766 48 274 50 275
340 4.3789565347656936 -1.7242993079457536 2.6870735307238993 43 34 24 0.2737947021352079 48 279 50 281 45 252
341 4.42746754898221 -0.80896872063548642 2.7959312622577772 255 255 255 0.63607254911610145 48 301 50 302 45 325 46 355 47 356 43 305 39 318 48 422 38 332 43 377 33 291 34 283
342 3.289413202519909 -0.73169950442298759 2.0486399502315162 154 113 86 0.43855776985402983 48 303 50 303 46 311 47 302
343 4.4305874855936915 -0.54368222670156996 2.9497369508475808 61 51 27 0.53999369228717053 48 361 50 306 45 277 44 212
344 4.4455643180789624 1.5627472627090389 3.4300649543932824 20 19 21 0.095275252134497529 48 318 50 316
346 4.727245424062807 1.6993330985655237 2.1518025980970621 132 111 90 0.73633394193571855 48 251 50 323 45 222
347 3.8294138416856063 -1.2658819710412121 1.8990449591176013 241 190 159 0.22219024616050864 48 352 50 355 45 314 46 346 44 309 43 297 39 274 38 273 33 258 34 247 35 238 32 244 42 231 41 228 40 204 37 203 36 180
348 4.1360056894693571 -0.11026371977501587 1.9868451372728448 7 7 2 0.05922524679372989 48 365 50 365 45 328
350 4.1800378741513162 1.4659574640193616 1.653261872465831 255 255 255 1.0165705612062954 49 319 50 373 45 338 46 366 47 321 44 370 43 386 33 239 34 259 32 221 42 211 29 176 22 180 28 188 24 128 21 163 25 169 26 144 23 110 23 149
351 3.1983487162570761 -2.0531221036517273 1.7516982435805892 228 177 152 1.0502266701052274 44 440 43 422 39 383 38 384 33 365 34 362 35 334 32 335 42 324 41 317 40 306 37 298 36 290
352 3.8918739368157249 -1.2176562669063955 1.8814089050992453 237 178 147 0.11640749292952439 49 397 50 392 45 358 46 396 47 388 44 362 43 347 39 312
353 4.1321672900720321 -1.0437924082369312 2.8249491855631641 255 255 255 1.0499979577850369 48 356 50 396 45 266 46 181
354 4.3362043053115222 1.4333478550721959 1.6012905245736029 217 161 121 0.15828976029435587 49 406 50 403 45 365
355 4.3308817167571485 1.4251377157766651 1.5971280200656737 217 161 121 0.1975297312095361 48 432 50 441 45 400
356 4.3308817167571485 1.4251377157766651 1.5971280200656737 217 161 121 0.1975297312095361 48 433 50 442 45 401
357 4.2471316399769163 -2.4837652756377806 2.3928869090982237 97 80 57 0.50000692311547457 49 409 50 445 45 368 46 410 47 371 44 338 44 372 43 326 39 294 38 258 33 245 34 227 35 182
358 3.1896642293731676 -0.94326139764369832 2.0208771992435133 233 188 159 1.1761569568547079 48 446 50 453 43 413
359 4.3401044462710709 -2.1641988175046114 2.5902691212154578 50 42 29 2.5820751228772996 48 438 50 464 47 451 44 423
360 3.7132861675103324 -1.9583574213642228 1.6270935944073279 82 56 35 1.2879770821757603 49 458 50 465 45 424 46 450 47 450 44 422 43 408 39 373 38 358 33 343 34 334 35 309
361 3.8511515111333443 1.7147217956843055 1.8804880855687693 27 21 16 1.1236895182152036 49 479 50 486 45 439 46 471 48 434
362 3.7797103629952087 -1.1347328219824688 1.9376318610678067 155 120 93 2.0358218665902892 45 429 46 458 47 457 44 427 43 395 39 354 38 348 33 333 35 286 32 266 35 261 42 259 41 233 40 210 37 207
363 4.3109776911640569 1.4040920620616697 1.6123896062379199 221 165 127 1.4666569199715667 48 483 50 503 45 452
364 3.8116402066356363 1.8308255493091017 1.9168167779589937 255 255 255 1.5742712008757649 48 464 50 506 45 440 45 454 46 472 46 489 44 437 43 420 43 433 39 382 39 397 38 367 33 373 34 342 34 361 35 320 32 334 42 315 41 316 37 296 36 282 31 283 30 282 30 289 27 264 22 256 29 257 28 247 24 250 21 241 25 236 26 216
365 3.758196560475719 -2.3670613951937809 1.8663563925824993 125 110 95 0.21116120073259151 48 113 45 7 39 81
366 4.0335203850565504 -2.3985317279132636 2.1554125000084734 76 59 42 0.082358136679642868 49 10 45 12 47 19
367 3.9515603253682063 -2.2883796950022113 1.8634276222960748 105 91 77 0.13285327215532247 48 16 45 15 46 17
368 3.9515603253682063 -2.2883796950022113 1.8634276222960748 105 91 77 0.13285327215532247 48 17 45 16 46 18
370 3.8007503648851855 -2.2166589182678824 1.7482616193106506 101 86 71 0.22703169264823964 50 23 45 26 46 29 44 31 38 88
371 3.6085584633116459 -2.1779514555240755 1.6874833552991986 91 71 51 0.26168888685257363 49 26 45 32 46 35 39 15 34 15
372 3.7529092765322236 -2.177659088837975 1.7241444813493134 65 46 32 0.27777339492902414 49 29 45 33 46 36 44 36 43 27 38 15 34 18
374 3.5789094920373636 -2.1257237171854326 1.6602086587412805 141 114 90 0.17771644209802215 49 37 45 46 46 48 47 45 44 43
375 3.7090989677903305 -2.1048639836870744 1.6799134649392022 113 89 72 0.78412852649968112 48 40 45 49 46 53 43 31 50 36 48 41 34 26 42 16 40 17
376 3.590249727214458 -1.8508016959743858 1.6387912524577317 174 137 114 0.3070238987040162 48 62 45 67 46 69 47 68 44 57 39 36 34 44 42 32 40 21 37 23 36 23
377 4.0015063505079054 -1.6453851071212033 1.8607539626988472 70 53 39 0.098589976004735097 50 67 45 79 46 82 47 81 44 67
378 3.9039835924499959 -1.5703838353289989 1.8029473131289733 113 75 54 0.15587874461626225 49 72 45 81 46 85 47 86
379 3.155896863575121 -1.4647739439686174 1.8661893429440946 223 176 146 0.19233449630225641 49 77 45 86 46 93 47 90 44 77 43 57
380 3.2623359640119678 -1.4025537300177786 1.7446099788652998 225 172 139 0.22671591389364645 49 162 50 80 45 88 46 170 47 164 44 143 43 133 39 110 38 117 33 125 34 128 32 115 42 112 41 98 40 101 36 48 31 107 30 49 27 48 22 100 29 84 24 34 21 77 25 81 26 29 23 65 20 30 9 24
381 4.0394075543363295 0.87204718066334208 1.6768130068905924 215 169 127 0.40909710797752752 49 97 45 98 46 114 39 78 38 70 33 81 34 88 35 86 32 78 41 64 40 63 36 65 31 59 30 69
382 4.1177889793112321 1.8489859728244182 1.7037053592828317 214 159 124 0.19682433597948212 49 99 45 102
383 4.0108391534067831 -2.5440812487050417 2.2486174578158407 173 133 92 0.48330869738800231 49 103 45 105 47 4 44 3 43 3 33 1
384 4.0523867653028214 -2.5002083444513192 2.2460289817686405 145 108 68 0.24611578132007758 50 105 45 108 46 122 47 122 44 104 43 96 33 6
385 3.7733052161715768 -2.2278900774692536 1.7496727136593804 96 79 64 0.1226294327451609 49 21 45 122 46 133 44 111
386 3.6162821616234964 -2.2113041493458825 1.7072953989283 107 93 79 0.13106776809167084 49 116 45 124 46 134 47 130 44 112 43 102 39 90 38 86 33 99 34 101 35 94 32 89 41 71
387 3.4651874367859024 -2.1795368901250365 1.6724848702415556 78 58 38 0.14952628137943172 50 27 45 126 43 105
388 3.8458822441039504 -1.5283151383261842 1.7965805101025245 142 101 78 0.25560379709521064 48 158 45 147 46 166 47 87 44 136 39 50 38 46 34 61 40 36
389 4.0396261850515254 -1.3553622505097946 1.8888158782119899 137 111 88 1.5995837464709388 50 226 45 151 44 81 43 134
390 3.7064348641391742 -1.9811870985014159 1.6632736605672538 121 95 74 0.14650513624138128 48 206 45 182 32 97 40 79
391 4.3718799297269024 -1.1369356150736489 2.7004399664569982 36 25 10 1.2607679347003189 48 292 45 207 47 228 44 149 38 61
392 4.0022355163401491 -1.6248394756137878 1.8776344013859727 117 93 76 0.18859032965079087 49 281 45 251 46 288 47 276 44 240 43 222 39 204 38 160 33 171 32 101
393 4.068999942997241 -1.4575647214393805 1.8585277016219892 130 104 82 1.4930538562986406 49 287 45 256 46 294 47 163 38 169
395 4.061486261243922 -1.4201992404969463 1.8795294873367607 131 105 83 0.90749316395303248 49 290 45 258 46 297
396 3.9113167794412456 -1.2653107983198937 1.8869835334002694 184 117 91 0.059144455680263538 49 293 45 260 46 300 47 286 44 251 43 235 39 214 38 224 34 168 35 160 32 164
397 3.3556407529934669 -0.74549683435753578 2.2854365114897814 255 255 255 0.48570242352497162 49 356 45 272 46 251 47 233
398 4.3967588678990035 -0.72179401679049704 2.8381590971909434 60 44 23 0.50511284117249811 48 306 45 273 46 312 44 269 43 252
399 3.7959558024367466 -2.4415517742910451 1.9740491417012163 100 83 65 0.2282279793070473 50 328 45 294 46 329 47 326
400 4.0651738902916872 -2.2953201640973382 2.0746799594119305 72 63 55 0.90268142752799196 48 371 45 296 46 273
401 3.8749318332398235 -1.6592289941608003 1.7733473782671554 110 85 67 0.15856727225586781 49 335 45 308 46 341 47 341 44 299 43 287 39 261 38 212 33 207 34 198 35 190 32 186 42 179 41 176 40 168 36 140 31 144 30 144
402 3.8053834871299879 -1.1435727840170546 1.9760718228848466 140 103 76 0.92165677661794931 49 349 45 318 47 351 44 256 38 230
403 4.5885287773205734 0.50971753736624659 1.5919457437107436 19 20 24 1.1077286082670688 48 313 45 364 46 317
404 4.3411914072600233 1.4328994365516305 1.5846207946404169 217 161 121 1.2915836971311907 48 322 49 407 50 404 45 366 46 204 46 323 47 323 44 283
405 4.0831483990886186 -1.981320355006243 1.8690482456268109 90 78 66 0.34987626229911323 48 407 45 372 46 415
406 3.0300174091270637 -1.0434337285772162 2.1322721282719792 166 73 73 0.72621137696964622 45 385 46 424 47 436 44 390 43 374 39 355 38 331 33 334 34 305 35 303 32 305 42 297 41 295 40 279 37 261 36 262 31 263 30 267 27 256 22 237 29 247 28 239 24 242 21 234 25 244 26 225 23 224 20 220 19 201 12 192 9 206 11 236 18 244 13 240 15 244 14 246 6 257 6 274 8 243 2 302 3 245 17 292 7 312
411 4.6733216634494728 1.6475792359269075 2.5776554790472788 51 45 39 0.7812729451568009 49 405 45 399 46 430 47 421 44 396
412 4.46673049835114 -0.31372672693419029 3.0919288786114163 255 255 255 0.5055534944961696 49 472 45 435 46 466
413 2.6495168698806055 1.3935043729014847 2.6374722683999465 255 255 255 2.194630379672899 49 497 45 450 46 484 47 480 44 452
415 3.621824951526182 -0.6729840724485564 2.3149431744634783 233 193 152 1.6889704796261131 47 499 44 470 43 448 39 408 38 396 33 377
416 3.6094230500481124 -2.3308441830543183 1.7771028332929264 87 71 57 0.56573909310383474 45 8 46 7 44 105
417 3.5686621962853042 -2.3043098322521054 1.7734296670774679 31 25 10 0.21171489913087446 46 11 47 13 44 13 43 10 39 4 38 81 33 96
418 3.3660917790620002 -2.282722370493929 1.7907591544658332 86 71 52 0.71226881589951774 45 14 46 16 43 99 39 87 34 100 42 132
419 4.00086575807528 -2.2505289285221841 1.9046573715237842 91 80 67 0.11713499940646536 49 118 46 31 47 31
420 3.8087270278383492 -2.1821612445285594 1.746309724512543 93 78 64 0.34626841894458399 49 27 46 37 47 33 44 37 39 21 34 21
421 3.8087270278383492 -2.1821612445285594 1.746309724512543 93 78 64 0.34626841894458399 49 28 46 38 47 34 44 38 39 22 34 22
422 3.3680497599059982 -2.1452514987572262 1.6647903048178005 119 96 70 0.19344814950303799 49 35 46 43 44 41
423 3.3029135312400775 -2.1419518293207935 1.685396486679209 109 83 60 0.22027907531402538 49 36 46 47 47 43 43 112 39 97 38 94 34 106
426 3.8872820182523133 -1.7346055752282672 1.7404165766800737 98 75 60 0.2688065607452983 50 61 46 77 47 74
427 3.9168792251172162 -1.7016149792865156 1.780898345523398 96 77 64 0.18242828228458249 48 150 46 78 47 75 38 41 35 54
428 3.682630202472545 -1.492605812900121 1.7603282813559693 173 134 108 0.17495187786486593 49 74 46 89 44 137 43 53 38 110
429 4.2516548773765015 -0.89609858985963475 2.7681286710794932 76 54 34 0.28574706178261355 45 91 46 109 47 100 44 92 43 72 39 118 33 74 35 79
431 3.5767909792167352 -2.1482232912350585 1.6679113308866627 105 80 61 0.14251940588297446 48 131 46 140 47 136 33 105 34 107 32 93 42 84 41 73 40 76 37 74
433 3.6713252179567926 -1.9479076500499415 1.644207684019575 138 107 84 0.2113331821536541 48 143 46 146 47 143 44 123 43 120
434 3.8564893517829244 -1.8437344439956957 1.730910927598972 105 84 68 1.5123940821301576 45 139 50 269 46 153 39 197 38 104 38 207 34 115
435 4.2974971137587898 -0.50017947475960856 2.8908784087075126 71 47 21 0.35747161115721332 45 160 46 184 47 179 44 95 43 77 39 74
436 2.4433180420340697 1.4461019857371056 3.1151681295212486 138 101 74 1.5385551222874136 45 96 46 196 47 185 44 162 47 245 43 195 39 289 38 291 33 298 38 320 34 292 35 274 32 300 42 289 41 283 40 272 37 253 36 271 31 267 30 272 27 262 22 244 29 255 28 246 24 238 21 226 25 238 26 190 23 199 20 190 19 175 12 173 9 166 18 198 13 177
438 4.6832004999061434 1.6756330631730816 2.477778385849569 11 20 27 0.26943311485971899 45 165 46 202 47 190 43 198
439 3.057868439615937 -1.5092666602657165 1.8688968008803555 195 149 117 0.2091118767709762 45 198 46 236 47 282 44 246 43 228 39 206 38 162 43 174 33 214 34 240 35 232 32 192 42 227 41 223 40 199 37 198 36 215 31 210 30 211 27 163 22 160 29 147 28 127 24 137 21 133 25 150 23 85 20 95 19 85 12 47 9 14 11 22
440 3.2208411014867178 -1.0146848166714784 1.8999656506017331 133 64 53 0.27064417960575354 49 232 46 247 47 293 44 202 43 243 39 223 38 233 33 222 34 209 35 207 32 205 41 193 40 179 37 176 36 183 31 186 30 186 27 179 29 165 28 148 24 156 21 152 26 134 23 137
442 3.8963735609683665 -1.4994060758587004 1.83309603952725 120 46 31 0.12701591999480336 49 340 46 293 47 281 44 245 43 227 39 208 38 164
443 3.9648169447697708 -1.3463746874232729 1.861106771872739 245 183 156 0.40284318052075269 48 288 46 298 44 249 39 212 38 272
444 4.4319138270541103 -1.2716455033528489 2.7437054451012037 255 255 255 0.41842940934400674 48 290 46 301 44 312 47 347 43 300
445 4.2725607539343313 -0.62217716179325311 2.8785308446163964 82 58 34 0.30458326633350585 45 276 46 313 47 358 44 325
446 4.5896347861972551 0.52855363009339118 1.6619007530901992 23 25 28 1.453751294762224 45 363 46 316 47 310 48 177
447 4.389469679268557 0.5132023857055773 1.5023857782435524 15 14 17 0.77997294473333134 45 330 46 319 47 312 44 277 43 259
448 2.9476000124439619 1.583571304904976 2.3625378763163454 255 255 255 0.33288570993877253 45 288 46 320 44 281
450 4.3431269575355609 1.4421171869534173 1.5965531597632576 217 162 123 0.26608443686836714 48 321 46 322 47 322 44 282
452 4.7262573432658206 1.6769447638601194 2.143184542118858 144 123 97 3.4201384776614674 49 321 46 325
454 2.456699912241374 1.439508898538727 3.117649691630727 138 100 76 0.42015077057998074 45 285 46 362 47 364 44 331 43 314
456 3.7305209938173278 -2.0791031563994711 1.6738086268158821 123 98 78 0.94002195214420403 49 379 46 373 43 330 38 260 34 188 32 140 41 123 40 132 37 130 36 75 31 76 30 22
458 3.8262719856011911 -1.6665588456309253 1.7553833853358312 100 74 55 0.089228499745379872 48 379 46 384 47 378
459 3.8277720220925695 -1.6648712429389505 1.7434326126116664 100 74 55 0.2395645360604941 48 380 46 385 47 379 43 338 38 305
460 3.9129328458536654 -1.3568746471262159 1.9127944710432991 231 184 152 0.30771973575234202 45 312 46 393 47 386 44 359 43 344 39 309 38 310 33 285 34 277 35 258 32 263 42 230 41 227
461 3.1129778384880726 -1.5987478251068736 1.7060228992630135 122 86 67 0.56207684612918341 45 405 46 437 47 428 44 403 43 390 39 350 38 347 33 332 34 316 35 279 32 303 42 268 41 272 40 252 37 243 36 248 31 245 30 250 27 234 22 219 29 226 28 209 24 219 21 208 25 218 26 192 23 203 20 191 19 178 12 176
462 3.9092556602443094 -2.4683262433363922 2.1127974794118178 87 73 58 1.183860015408033 45 422 46 448 47 448 44 420 43 406 39 370 38 345
463 4.4449305323186987 -1.491409492991699 2.7710507987362356 255 255 255 0.61131838619500223 50 472 46 454 47 431 44 383
464 4.4808457945923905 -0.32276646816142984 3.1174847480152481 255 255 255 0.32387607702225685 45 448 46 483 47 478
465 4.3195333065614632 -2.1529690393756415 2.5168478908438745 71 58 44 0.68438526128125954 45 443 46 491 47 470
466 4.2767394510541843 0.010798161999449891 2.0138124858309512 233 186 145 1.5113043399213897 45 469 46 503 47 501 44 473 43 450 39 404 43 438 38 391 35 332 32 332
467 3.5509063292378604 -2.3185557707479645 1.7959213220963111 76 67 48 0.16262024333602726 46 9 47 11 39 3
468 3.9917342848885724 -2.3781228312366447 2.1025623405165224 70 55 40 0.12234677397100417 46 15 47 18 44 20
469 3.57341726018781 -2.2547179355270637 1.7342895295134326 57 44 32 0.33491463210617461 48 19 47 21 33 8
470 3.3264344569330002 -2.2385378565367238 1.7618585108342943 92 78 59 0.71857068422593706 46 26 47 24 44 23 43 20 38 5 33 9 34 5 35 6 32 5 42 2 41 4 40 68 37 70 36 69 31 67 30 84 27 81 22 70 29 63
471 3.3284288925793346 -2.2560491485726373 1.8025885674454758 92 78 59 0.1328528124646752 46 27 47 25 44 24
472 3.7790453163130406 -2.167593669199964 1.7250333422883051 77 60 45 0.23091875563787323 46 42 47 40 44 40 35 20
473 3.6839376762256908 -1.8659174631729729 1.6530229297068597 121 90 68 0.24590873941753519 46 67 47 66 38 32
474 3.6837305741665158 -1.864466997314969 1.6442405509695979 121 90 68 0.4145588246548535 46 68 47 67 38 33 42 31
475 3.2580955088508943 -1.5101496827233243 1.7051556394206495 184 137 111 0.4079272211016356 45 83 47 88 44 72 43 50 39 49 33 45 35 57 32 39 42 39 41 38 40 24 36 33 31 23 30 28 27 31 22 24 28 20 24 22 21 24 25 17 26 12 23 19 20 17 13 18
476 3.2130577945749343 -1.0439051826324655 1.8726008794581184 197 150 124 0.25061341106844182 46 104 47 99 39 68 38 60 33 66 42 58 41 57 31 45 30 57 22 115 29 44 28 82 24 46 21 89 26 110 23 73 20 107 19 96 12 58 9 73 11 77 18 80 13 37 15 40
477 4.0493708051816961 -2.3875879174930601 2.1512685019839317 120 101 84 0.08440584488430139 46 128 47 126 44 107 43 17
478 3.8319390424384929 -2.1886714409222625 1.7522447691799901 69 53 39 0.25834825445988802 46 138 47 134 44 116 43 110 39 20 38 93 33 106 34 20 32 16 42 13
479 3.1398310281929427 -1.504776136319959 1.8595580729372729 154 109 85 0.35500109577328248 46 167 47 160 44 139 43 131 39 157 38 111 33 173 34 124 35 104 32 104 42 102 41 91 37 90 36 87 31 93 30 98 27 37 22 32 29 27 28 25 21 28 25 19 26 15
481 4.2662277990185418 -0.51233809495569382 2.9168960258423273 88 68 40 0.20981989721476299 46 255 47 178 44 214
482 4.2568785749222933 -0.30781754321470245 2.4773468458545329 29 24 24 0.49485074554582914 46 110 47 181 43 80
483 4.671447854534617 1.5281099659574251 2.4882097667182128 40 36 35 0.17840869243586535 46 200 47 189 44 164
484 3.8859048776039726 1.7774067202652575 1.9043331316628018 42 35 25 1.3117950704925139 45 166 47 193 39 245 47 368 33 301 41 250 37 192 31 244 30 202 22 215 29 205 28 244 24 217
485 3.7120760414661373 -2.4068931912095457 1.8810629874755882 122 99 78 0.50178913051884177 46 209 47 194 43 94 50 189
486 3.7152569596322946 -2.0118329998483544 1.667271954432443 97 71 52 0.19307099276689429 48 205 47 209 39 141 42 136 41 125 40 133 36 134 37 131 31 139
487 3.6590538937660186 -1.8438463269035978 1.655707460302895 130 96 74 0.15223593940487373 49 211 47 214 39 145 38 101 33 112 34 112 35 98 32 98 42 94
489 4.4861696055844602 -0.120408486497076 2.1328632426283987 23 20 24 0.99288939497949025 44 275 39 179 33 78 47 360 34 84 43 257
490 4.0968632472823323 -2.4521055960913718 2.2559257461958726 106 81 56 0.3046554071433567 46 269 47 257 44 171 43 158 39 133 38 85 46 214
491 4.0261094749735946 -2.0629715660973282 1.8425256711049767 73 64 54 0.23700919470159151 46 278 47 263 44 226 43 208 39 143 38 152 33 162
492 4.4155388673049716 -1.2035723533284379 2.7408295257199238 65 52 35 1.1186252126062313 46 305 47 291 44 257
493 4.3506312561552729 -1.0165873397289968 2.7190401546372178 119 93 62 0.4071372934892345 45 322 47 297 44 261 43 184 39 173 38 125 33 187 34 135 35 125 32 69 42 66 41 60
494 3.0498961999833809 -0.94877599916893474 2.0864070793369218 184 111 98 0.44243651103366355 46 310 47 298 44 321 43 304 39 278 38 281 33 290
495 4.3784870444279225 -0.67289973261805769 2.8841109700737562 41 27 10 0.42431252889977444 46 357 47 304 44 270 33 225
496 4.3253507952189301 -0.85555464391761082 2.7568686778660383 110 84 54 0.28772416289703762 46 400 47 393 44 365 43 349 39 317 38 282 33 266 34 253 35 243 32 208
497 3.94870476108039 0.94359020464700727 1.7872706232360045 27 16 14 0.094733801296003631 49 436 47 397
498 3.8759572869396544 -1.5804387853576738 1.8009145054719558 79 52 34 0.38671585981483214 45 375 47 407 44 379 43 365 38 326 33 306 34 298 35 280 32 283 42 269 41 273 40 237 37 233
499 4.1015536833351849 1.8029755971669112 1.6810230913537356 223 170 136 0.21247654648289363 46 433 47 424 44 398
500 2.9394267778817174 -1.4003290798204713 2.1856344063100024 230 179 156 1.3958051565396132 46 439 47 432 44 385
501 3.0220181527254808 1.7191143086836886 2.3391827650070365 9 7 6 0.3161968511158969 49 438 47 444
502 4.594697024394331 0.63843808159000992 1.9347932822916274 24 27 27 1.2723444815775977 46 467 47 463 44 394
503 4.0919076628000717 1.783604283752307 1.6699441483103947 221 169 135 1.2061276241311092 46 474 47 468 39 369 34 315
505 3.1454477879319462 -0.29770564175154007 3.214002208351709 8 6 4 1.7431128032641527 46 482 47 479 44 450 43 428 39 403 38 390 33 370
506 4.2369026557600833 -2.2322762116914912 2.1825912396779286 59 45 31 0.62158521632861674 46 490 47 485 44 439
507 2.8131622770745635 1.5111654408207227 2.8276034098037903 9 8 7 1.8916468563103996 39 413 38 400 33 380 34 374 35 344
508 3.8763478694081837 -1.6545577696971121 1.7888200256297482 114 87 70 1.1044377514191992 46 498 47 496 44 465 43 443
509 3.9902157583488824 -1.4814159543547236 1.893449874651385 219 152 123 0.64366443087467917 46 499 47 497 44 466 43 444 39 398 38 386
510 4.8341197751819474 1.3420350135224786 2.0317480376887018 255 255 255 1.9933131727636639 47 502 44 474 43 452 39 412 38 399
511 3.8692256752002852 -2.163369807645168 1.7444888905129539 83 70 57 1.0506784314005295 50 29 45 37 47 41 48 35 50 33 43 29 38 17
512 4.3545239734044108 -2.2817362493539188 2.5120347024987173 255 255 255 0.46349906244054484 45 344 46 374 47 333 48 264 50 261 44 342 43 281
513 3.9114134652607002 1.4260475223924443 1.8511280638972518 69 54 46 0.47436486151579205 45 290 46 321 47 319 48 179 49 250 50 98 45 220 46 262 44 166 43 154 43 266 39 126 38 140 33 150 34 218 35 135 32 176 42 165 41 164 40 158 37 154 36 159 31 162 30 165 27 158 22 150 29 141 28 91 24 130
514 4.7280581952637917 1.6920822173151737 2.1362814256557106 139 118 94 0.71339940221023845 45 221 46 324 48 250 50 322
515 4.0383569131643231 -1.3358443887308353 1.6251606114322081 129 107 86 2.0330005952285459 46 99 47 165
516 4.0103283303205286 -2.5413203116525285 2.2392322018228836 171 131 91 0.56614509883594988 47 3 49 102 44 2 43 2
517 3.5901070925013761 -2.3271242926675733 1.7951681192422131 70 54 39 0.29392863371795325 47 10 44 10 43 6 39 2 38 80
518 3.8543535624939049 -2.2372032346575903 1.7842781493808053 61 47 35 0.13657322349704867 45 24 44 28 43 22 39 14
519 3.4894351249536104 -2.0670232932810508 1.6073951899800827 164 126 100 1.1316345713095652 45 55 44 47 39 26 47 48 33 22 32 18 42 14 40 13 37 20 31 18
520 3.8085507644113368 -1.8395263205145667 1.7132042417095161 76 55 38 0.059962306633644623 50 54 44 60 39 37
521 3.289704420262288 -1.4998999396773864 1.7020732113069414 184 133 107 0.24866234618346503 46 87 44 73 43 51 33 46 34 60 35 58 32 43 42 40 41 39 40 27 36 35 31 24 30 35 27 35 22 29 29 24 28 23 24 23 21 26
522 2.914927712140218 -1.6596118100440069 1.9527528795690872 222 179 156 0.2621666261541179 47 82 44 133 43 172
523 3.2307991877491475 -1.492762659365843 1.7416935375775369 70 46 34 0.31146559276098629 46 90 44 138 43 52 33 172 34 123 35 195 32 190 42 183 40 170 37 164 36 173 30 174 27 164 22 161 29 148 28 128 24 138 21 134 25 116 26 92 23 87 20 96 19 87 12 51 9 95 11 97 18 71 13 20 15 30 14 69 8 19
524 3.2265308793271901 -0.99517686736322897 1.916800630693102 226 163 146 0.28845918967474277 47 171 44 150 43 140 39 115 39 172 38 180 33 186 34 175 35 165 32 123 38 124 42 118 42 160 41 106 41 154 40 153 37 111 36 152 31 153 30 156 27 118 22 146 29 136 28 112 24 121 21 94 25 102 26 111 23 75 20 82 19 66 12 29 11 46
525 4.260819872935155 -0.60006009662856519 2.8560228843563737 75 54 30 0.14527628485940969 47 176 44 154 43 142
526 3.8605490838553309 -2.3610357235631279 1.9067345217288603 138 119 99 0.36462688360264867 46 268 47 256 44 170
527 4.065515714940001 -2.4348163113478587 2.212645872505524 77 52 35 0.068778148170503123 47 197 44 172
528 4.0675090956483491 -2.4432157195391149 2.2381780578170458 77 52 35 0.13508528197696404 47 198 44 173 38 142
529 3.1447721190299878 -1.4796725780115179 1.8727189059746563 228 184 154 0.12393520273568565 47 221 44 193 43 175 39 158 38 165 33 175 34 163 35 151 32 157 42 147 41 136 40 142 37 93 36 92 31 99 30 105 27 98 22 94 29 77 28 66 24 30 21 33 25 27 26 22 23 27
530 4.3858678506324038 -0.97567490080185337 2.7369935527869163 110 88 58 0.17211368980460823 47 172 44 205 39 116 38 126
531 4.277022068514043 -0.51041530787026079 3.021033852635775 89 69 40 0.23434760877353547 47 177 44 213 43 191
532 3.1327092892871939 -0.74292002968200899 2.1573481083366537 161 108 87 1.2901485304932516 47 301 44 268 43 307 39 321 38 333 33 317 34 323 35 305 32 307 42 298 41 288 40 291 37 276
533 2.5229247972876627 1.2663569130565284 3.0292853616388382 255 255 255 1.9810780996534432 43 313 43 382 39 323 39 342
534 4.7566257060832386 1.2112576920191109 1.9606683507417104 255 255 255 0.66242255564296515 46 199 44 279 43 316 39 288 38 290 43 264 33 296 34 289
536 3.0932913389358037 -1.5360454261865331 1.8349450445789333 172 123 94 0.31603825056495044 47 384 44 303 43 290 39 265 38 268 33 254 34 238 35 230 42 225 41 221
538 3.1936146119543158 -1.6120233828521071 1.6736058171480044 133 94 71 0.081073825103304645 47 380 44 354 43 340
542 4.1955682100036249 1.492539460541221 1.6580728871768688 255 255 255 0.59645689744299879 47 423 48 463 44 418 39 367
543 2.9777831838133908 -1.3309569316753753 1.9768193058488586 231 180 158 0.81513395942101752 47 453 44 425 43 409 39 375
544 4.4179800527669739 -0.15086893443273838 2.2770691925913682 22 19 21 2.0939931384133006 47 441 43 355 39 359 38 352 43 416 33 335 34 310 43 402 44 433
545 2.8988769124137161 -1.4537224408621963 1.9593344040694527 255 255 255 1.417071523094273 46 500 47 487 44 443
546 4.1595949102135137 -2.5027133562855819 2.344033993010409 57 40 24 0.59655064240218181 47 484 44 454 38 368
547 3.268102944425602 -0.89104958939631507 1.5903396966519583 232 189 161 1.9663713583591937 47 475 44 456
548 3.3055936376366826 -0.88956689108003606 2.1637391062199867 230 187 159 1.4166729633266375 33 376 34 370 35 340 32 346 42 337 41 328 40 317 37 306 36 297 31 297 30 303 38 395
550 4.3521016295708206 -0.8324793840357787 2.7689140289742182 79 62 42 0.44386200059839587 48 360 49 354 50 362 45 324 46 354 44 265 43 250 39 232 38 238
551 3.5685829709001475 -2.3036810780416821 1.7731388094357645 31 24 8 0.12251823869858647 44 14 43 11 39 5 38 82 39 84 33 97 34 99
552 4.0636235633313955 -1.8708215402073274 1.84909151765809 42 33 26 0.44897514865548471 47 149 43 41 35 39
553 3.8759356589159095 -1.6502256921900582 1.7775001602863025 113 88 71 0.029891341652221057 46 80 43 47
554 2.887538744508138 -1.7140327588874547 2.0067718673356016 226 183 161 1.1957610294487602 38 213 34 234 35 255 32 257 42 255 41 271 42 267 40 251 37 242 36 247 30 264 29 245 28 236 24 240 21 229 25 241 26 224 23 222 19 198 12 190 9 205 13 238 6 247 3 235
555 4.0494982846153045 -1.6049975346736167 1.9360478742830589 144 117 99 0.050222484393814347 44 70 43 49 38 45
556 3.3291921943861769 -1.4621953001707102 1.7062065222477085 184 138 114 0.15670566313977324 48 77 43 55 39 55 33 52 34 64 35 65 40 38 37 40
557 3.2331336955350105 -1.4453051228209517 1.7639466117675766 185 146 130 0.21251243650945936 47 91 43 56 38 115 33 57 35 108 32 111 42 52 40 97 36 96 31 101 27 100 28 32 25 33
558 3.2002444234124843 -1.4412382714668746 1.7997773849370147 184 136 113 0.2578320526395172 44 78 43 58 39 60 38 116 33 58 34 68 35 109 42 106 40 98 36 97 22 96 20 29 19 27 11 29 13 23 15 32
559 3.0748777670171097 -1.1539173360727668 1.8958151198500008 217 161 142 0.26948977963719156 47 96 43 64 39 67 38 123 39 113 33 131 34 74 36 52 31 44 22 50 29 43
560 3.0737674665278538 -1.0250280432977927 1.9379820612820364 187 93 88 0.18901037493732217 44 88 43 68 39 69 33 67 34 77 42 59 37 47 36 53
561 4.0156396391931723 -0.23035101639735836 2.5280708919742563 219 179 148 2.2136465795821074 50 90 43 82
562 3.4701372770630199 0.0026337386095813 2.3898027979642946 32 21 18 0.31934172328791316 49 95 30 65 29 52
563 3.7678913496748225 1.2610327425958574 1.760099037660332 13 8 6 0.8334264470011914 47 118 43 89 33 148 32 79
564 3.590830047743661 -2.2376089193489421 1.7142266780075057 91 77 63 0.060740178940506227 44 108 43 101 33 98
565 3.361872470033596 -1.6089522054188079 1.6402704902727352 214 173 147 0.64432905767683624 49 279 44 237 34 199 41 174 40 139 37 136 36 139 31 87 30 94 27 23 24 11
566 3.3788627882715043 -0.3086469258932909 2.5941076323794894 217 167 127 0.40949091895830697 47 102 43 146 33 227
567 3.3770623283723098 -0.30079428006781789 2.5778773213894475 217 167 127 0.73087761769171866 47 103 43 147 39 178 38 188 33 190 34 213 35 210 32 210 42 240 41 238 40 214 37 239 36 243 31 241 30 244 27 228 22 232 29 240 28 222 24 229 21 221 25 228 26 208 23 217 20 207 19 188 12 187 9 198 11 224 18 234 13 233 15 231 14 238 6 238 2 268 3 229 17 276 7 258 16 238 10 239 4 193 1 199 5 165
568 4.2218600339443642 -0.12011482165874371 1.9463960211598961 53 51 53 0.32760127319492383 46 192 43 148 39 180 38 131 33 191 34 179 35 168 42 163
570 3.9266080821209473 1.39765137036134 1.8305095892808161 133 100 76 0.55490400195565148 44 100 43 153 35 174 40 157
571 3.7248662621403459 -1.8438808695251097 1.6719668145259807 138 110 89 0.1581299110944123 45 188 50 268 43 167 38 156 33 165 34 156 32 147 31 81
572 3.1835027736142667 -1.4301565422175184 1.8385550162468314 184 132 105 0.15296660597013786 44 198 43 177 39 161 38 170
573 4.4180651143972742 -1.3238800461413867 2.7536083694649371 31 23 15 0.48933721543068431 44 252 43 181 39 215
574 4.3860513293738368 -0.98225579439767108 2.7487747593470342 111 89 59 0.93261491533927698 44 206 43 185 38 127 32 70 41 61
575 4.7083181325482855 1.3924845031185789 2.3125540640545088 75 66 58 0.27798888694243667 43 197 39 182
576 3.8521725153500839 1.6163349891338801 1.9183141457993214 17 13 10 0.4586961149535016 44 221 43 200 39 243 38 196 34 182 35 175 32 177
577 3.4534727210118401 -2.2180625394584466 1.6982626889828181 103 87 66 0.28679197232437398 45 235 43 204 38 197 34 186
578 3.0025836349471087 -1.0561775266889124 2.0816093965475115 169 72 67 0.21354619283437457 44 317 43 240 39 221
580 4.4025242543244225 -0.75918819616630495 2.840511167942533 79 61 38 0.65592699569360413 47 300 43 251 33 224
582 3.8695099286143209 1.8163579572686952 1.9343499522035523 255 255 255 0.92907394577061941 44 285 43 268 39 326 34 224 32 278 40 249 22 183 29 185 24 174
583 3.7791846392863486 -2.5127516357876121 2.1012409305712212 255 255 255 1.7943297485102934 44 288 43 270 39 250
584 3.6962385156152027 -2.6895328019063207 2.5933131758492136 255 255 255 0.83716440364501943 44 289 38 256
585 4.1411439190239445 -2.4339536877312757 2.3050381350798408 36 27 18 0.78027489846990949 44 339 43 275 39 253 38 198 33 157 34 103
586 4.4137486523671194 -1.6775182238219841 2.6915528472574533 255 255 255 1.4159989291762247 44 380 47 383 43 292
587 4.2690124207496245 -0.62060710869828384 2.8555674218232747 81 54 34 0.1967849934252065 44 326 43 309 39 281 38 286
588 4.1375170479166705 -2.5898332678950018 2.2852355069906976 89 71 52 0.36393651059674281 44 336 43 325
589 3.7308429721300169 -2.074967674368934 1.6742053421559902 124 98 78 0.37880493648373109 46 372 43 329 41 169
590 3.7607596773409639 -1.7515572848037746 1.6744870668860419 130 101 80 0.33047189849023834 44 351 43 336 38 303
591 3.9570813177950872 -1.2613693517794176 1.8615647936559372 239 180 153 0.25423665718426564 44 361 43 345 39 310 38 312 33 288
593 2.9523640663805404 -1.5837891349191573 2.1352284556081709 91 75 61 1.2332342971464145 38 360 33 353 34 344 35 335 32 337 42 334 41 323 40 313 37 300
594 3.6479024458346565 1.7941452193443765 1.9507823691466333 16 12 8 0.71592999375030675 46 432 43 387 33 324 35 298
595 2.9945857045287356 -1.6169747942946684 1.876304375782105 229 185 158 1.3308532879248305 44 405 43 391 39 374 38 359 33 344 34 343 33 352 35 321
596 4.2652524543209562 -2.3073700501584176 2.3742939117500406 66 50 35 1.2490983705070351 44 421 43 407 39 372 38 346 33 330 34 268
597 3.2563295641157377 -0.8900664653874627 1.8497719043359067 232 189 160 0.93681650605130695 44 457 43 435 39 401
598 4.0833923263958232 -0.33152490793105827 2.6243361429646308 227 181 136 1.1869156433384991 44 472 43 449 39 410 38 397 33 378
599 3.8869781174938134 0.81980821148325478 1.7519485610185115 21 17 16 1.5336190653073904 44 460 43 451 39 411
600 3.7234510672757879 -2.0683711799884903 1.6529287867409226 129 104 84 1.7851095953225988 44 224 43 206 48 202 49 202 45 179 46 219 47 203 44 180 39 256 33 197 34 187 32 139 41 122 40 131 37 129
602 3.2435442631502451 -1.0315452118511885 1.8570639210134878 152 122 103 0.24983772691692346 46 246 47 230 44 201 43 241 44 258 50 158 39 222 38 232 33 262 34 251 35 240 32 246 42 235 41 234 40 211 37 208 36 223 31 218 30 220 27 205 22 197
603 3.2817775834439482 -2.2699740924821454 1.7984483305376791 77 63 44 0.7472643210440495 43 15 39 7 35 4 32 2 42 1 40 0 37 1
604 3.685660958212079 -2.077738748378541 1.6661430509658919 128 103 82 0.10027328638528057 43 33 39 29 38 24 33 26 34 30 35 30 41 25
605 3.7119813713813246 -2.0651911707153654 1.6724693692224593 138 111 90 0.33437123029579868 48 46 39 30 32 27 42 25
606 3.9052838997881887 -1.7111660503751311 1.7642093589059578 57 40 25 0.3107092119001138 44 132 39 41 38 39 33 40 34 53 35 51 42 35 41 33
609 3.1722222604009467 -1.4923367274565094 1.8517770156072488 112 65 45 0.19362330124164984 43 54 39 54 38 54 33 53 34 65 35 105 32 105 42 103 41 93 40 39 37 91 36 41 31 96 30 101 27 42 22 36 29 30 28 27 24 27 21 32 20 20 19 20
610 3.1632723220451182 -1.4767880656451169 1.853752543789577 137 90 65 0.59944818266571409 47 89 39 56 33 122 36 143 37 138 31 146 22 131 29 193 37 166 28 100 28 129 21 136 25 118 26 94 23 88 23 124 19 110 12 135 9 128 11 131 18 138
611 2.9553379354578295 -1.5074341413829764 2.1610865058989219 184 140 120 0.21589458544794668 43 59 39 61 38 56 33 124
612 3.925842757231544 -1.4123707419601967 1.9114260956920068 236 181 162 0.092792958572753326 43 61 39 65 38 120 33 129 34 133
613 3.0337816695657214 -1.0226733144870066 1.973969996079403 165 72 71 0.28388677335472601 39 70 38 62 33 68 34 78 35 123 32 64 42 117 41 105 40 109 37 109 36 115 31 127 30 123 27 114 22 116 29 101 28 83 24 87 21 90 25 100 26 80 23 74 20 80 19 61 12 59 9 72 11 76 18 79 13 36
614 3.1266735403933286 -0.99419562879418666 1.9399146535007374 205 106 103 0.17363842232754617 44 90 39 71 38 63 33 71 34 79 35 77 32 68 42 64 41 58 40 51 37 50 36 54 31 47 30 60 27 60 29 45 21 47
615 3.559920811768658 -2.2621975858041696 1.7387349477774598 78 70 55 0.24443985680185795 43 100 39 88 38 83 33 152 34 145 35 93
616 3.5401205913298646 -1.9835707091506951 1.6238584399388389 197 158 132 0.223254557491502 49 135 39 101 38 99
617 3.54015607111657 -1.9834179754114079 1.6236916190726616 197 158 132 0.18667014943308477 49 136 39 102 38 100 35 33
618 2.9078635335617591 -1.1793808458271693 1.8656903423778823 179 127 110 0.15319427515731965 43 138 39 112 38 176 33 180
619 2.97835285971912 -1.4710996976804744 2.0550841129309831 177 128 104 0.80536484418355714 43 60 39 160 33 217 34 244
620 2.938484063529029 -1.1772617431555286 1.8593443954973119 214 159 145 0.59095402704953859 43 137 39 166 38 175 33 178 34 169 35 161 32 165 42 156 41 148 40 149 37 146 36 150 31 151 30 152 27 143 22 105 29 90 28 76 24 81 21 43 25 38
621 3.7988667492837114 -2.4546176501522203 2.0184810203361159 95 79 61 0.38394819923434031 43 273 39 189 33 151
622 2.8951442628849207 -1.7262067970904071 2.250059333014788 131 90 70 1.2935734572476061 39 264 38 265 33 282 34 276 35 257 32 259 42 180 41 177 40 166 37 162 36 170 31 175 30 173 27 236
623 2.9445633349796032 -1.5520765439096045 2.1782986741029848 45 30 20 0.76970358441308384 43 229 39 270 38 308 33 284 34 299 35 282
624 3.8883159636126865 -1.4386083942440413 1.8635241542505063 118 42 19 0.040461123425113259 43 293 39 272 38 270 33 256 34 242 35 235 32 241
625 4.4465536177662983 -1.0591509408211626 2.774675190637899 255 255 255 0.87781465610109688 43 397 39 336 38 350 33 314 34 321 35 263 35 304 32 295 42 236 42 279
627 4.4440748285372953 -1.4903167762887779 2.7292834426711052 255 255 255 1.5491854611751683 43 393 39 352 38 361 33 310 34 303
629 2.5942469054804391 1.4025826677422251 2.9450140654206578 255 255 255 0.73497799142972475 38 364 33 350 34 338
630 4.2029602162730209 1.4985567178677348 1.6134323556173664 255 255 255 0.20825036396438654 43 431 39 394 33 363
631 4.2048068684790492 1.5019603720626582 1.6297592531816167 255 255 255 1.2464698133733694 43 432 39 395 38 366 33 364
632 3.8636112083133112 -1.0030047544192469 2.0743040190419157 210 165 125 1.4226612966390473 39 406 38 388 33 369 35 325 34 352
633 4.0983180305693274 -2.5048078927301152 2.2713985346918353 145 113 79 1.234562398516408 39 82 48 183 49 108 50 191 45 109 46 125 47 123 44 9 43 7 38 2 38 4
635 3.5478586784224175 -2.2225508084066763 1.7023886758861564 69 52 36 0.15553117362330895 44 25 38 6 34 6 32 85 42 5 41 8
636 3.3953619549215319 -2.2082369101937509 1.7118454048431309 66 52 33 0.24000887495643219 39 11 38 9 33 10 34 11 35 9 32 86 41 68 40 69 37 71 36 70
637 3.3959331993494586 -2.2087751284648864 1.7139691474863499 66 52 33 0.20489935754030497 39 12 38 10 33 11 34 12 35 10 32 87 41 69 40 70
638 3.5740308380542722 -1.9250259845564193 1.6281426687905554 193 154 129 0.085805404129120633 49 49 38 28 34 40
639 3.9074741923614398 -1.712944255229067 1.7690071708819612 59 42 26 0.25539838984251817 39 42 38 40 33 41 34 54 35 52 42 36 41 34
640 3.158308772753355 -1.4967744977418842 1.8570284671639805 191 144 120 0.091962558635279607 44 75 38 53 33 51 34 62 35 64 32 48 42 46 41 47 40 37 37 39 36 40 27 40 22 35
641 3.2197670887046956 -1.4526408868533855 1.7752294542419358 76 53 36 0.66210392827457354 39 59 38 55 33 123 35 66 32 52 42 51 40 96 37 41 36 45 36 95 31 33 30 43 27 99 22 41 29 32 28 68 21 74 25 78 26 66 20 26
642 3.9276130523899151 -1.4215609491300065 1.8759361072649321 168 98 70 0.38771139292875473 39 64 38 58 33 61 34 131 35 156 42 151 41 143
643 3.6152598193795193 -0.071561628528493779 2.138116662366421 25 15 10 0.65936998950046133 44 97 38 68 34 87 32 74 42 72 31 51
644 3.9052360594866835 1.456172085684456 1.8499339320693895 38 29 25 0.66958709398952254 39 80 46 116 38 72 42 127
645 3.5488996207240526 -2.2241239975125948 1.6017969208635698 0 0 0 2.9589386161177158 39 83 50 196
646 3.851375123751668 -1.8377597554273604 1.7279308257238428 105 86 68 0.32209978181568838 45 140 38 105 34 116 46 154 40 87 36 81
647 2.9726733980409152 -1.5376745227702877 2.1444397471935384 164 139 125 0.90084073179687219 39 57 38 114 33 55
648 3.9287189450478852 -1.3571711352753788 1.9108727927973657 250 197 170 0.15341772285259264 39 111 38 121 33 130
649 3.3038270130569356 -0.40585471115314575 3.1150359347657939 14 9 6 0.3743475572949137 39 75 38 130 33 135 34 177 35 167
650 3.8264182594635172 -1.387512422223784 1.8531447751922583 237 192 157 0.15435034206154088 43 180 38 174 35 158 32 119
651 4.0831916019507899 -1.5101526899941093 1.8922841190405577 86 69 53 0.37837115697900459 39 269 38 218
652 2.6926689466465104 0.32293411989262766 3.3933733133350317 221 177 135 0.19145714955946463 39 237 38 244
654 4.3034276716057773 1.390325120299065 1.500677586530315 216 161 121 1.5047274023937034 39 344 38 252 33 236
655 3.9081608141533053 -1.5419743440753586 1.7762022376218818 241 187 164 0.20310444156616983 44 302 38 267 32 238 42 226
657 4.7192501722937239 1.6879754092879709 2.0966522971234434 146 123 98 1.0152211565096159 39 364 38 355 33 338
658 4.2899616604276547 -0.26727828602309933 2.3938295727898171 29 26 26 0.88887169216394069 39 358 38 363 33 349 34 336 42 320
659 3.3394987347732292 -1.3804185430732143 1.8250819196399284 0 0 0 0.37804209284388213 39 399 47 488
660 4.2775231892272823 -0.52964508597461779 2.6697023361339598 53 32 12 0.89207777424980261 39 389 38 376 33 348 34 325 35 289 32 271
661 4.4098264452614764 -0.39153525177707144 2.7340924417514065 255 255 255 1.7648486431853032 39 390 38 377 33 361
662 3.5522663466649647 -0.82454023523272946 2.2009049770180846 145 109 80 0.77451748887451621 35 327 32 328 42 317 41 311
663 3.8637707865898516 -2.5636187131488275 2.1739655736207477 255 255 255 1.6265705882040051 47 426 43 359 39 327 38 344 46 475 47 469 44 438 33 329 35 299 32 279 42 131
664 3.6325017044086758 -2.021477741697824 1.6629462950603502 162 127 103 0.10226887746921615 38 27 33 30 34 34
665 3.2082895362993589 -1.5297410424067603 1.7205026681362228 133 88 64 0.23623224499785159 39 48 33 44 34 57 35 56 32 102 40 90 36 83 31 22 29 15 21 20 25 11 23 15 20 64 12 44
666 2.9314783730587544 -1.582101401384727 2.1055912031190167 185 139 115 0.46766998451646941 38 50 33 49 34 122 35 61 42 99 41 87 37 88 36 84 31 92 27 138 28 99 21 107 19 84 9 92 13 104 14 98 6 104 8 86 2 82 3 108 17 67 7 85 16 123 10 75 4 71 1 81 5 37
667 3.2111464522743804 -1.4808961351944099 1.7743874671351736 40 25 16 0.1741983884979737 38 52 33 50 34 63 35 63 32 46 42 45 41 46 37 38 36 88 31 29 30 40 27 39 22 34 29 29 24 26 21 31 26 19 23 25 19 22 11 27
668 3.852196416790246 -1.3869569869877214 1.8722210780051642 143 79 56 0.45999420225212467 39 164 33 62 34 72
669 4.1216952908633244 -0.30591582700804365 2.1970138618540918 214 173 146 0.26105187638290517 38 67 47 107 33 77
670 3.8632461091488159 0.62735173868233152 1.7083871429426309 41 31 24 0.21229502279096382 39 77 33 79 35 85 32 76 42 75 40 61
671 3.9497899502780047 0.7501958242290232 1.7278425397929988 152 116 88 0.21040692276544365 38 69 33 80 32 77 40 62 37 55
672 3.6080662558765977 1.6730520320448137 1.8966204348391631 48 50 45 0.14964338992439477 44 103 33 88 32 82
673 3.6940338329626239 1.7316993738944768 1.9156856411807179 59 58 57 0.23037330531937181 43 92 33 89 34 94
675 2.8889153876197664 -1.6583790498258422 2.1236787662346748 192 148 127 0.41404159730926304 38 43 33 119 34 161 35 194 32 189 42 224 41 219 40 235
676 3.9228038781989589 -1.4118533869702181 1.9047499762955191 235 180 161 0.20653485834723151 38 119 33 128 34 132 35 112 32 161 42 152 41 144 40 145 37 142 36 105 31 114
677 4.211018097067071 -0.31741825219013103 2.3219455751777853 202 161 132 1.8350154744640412 38 187 33 136 34 82 36 189 30 189
678 3.3625334313019288 -2.1687858513726135 1.6801804653777421 94 72 51 0.12076545848255954 38 144 33 155 34 146 35 137
679 3.8773001717023186 -1.6903524646997363 1.7696860849721099 61 40 25 0.20713511990459271 38 158 33 168 35 147 32 100 42 96 41 83 40 88 37 83 36 82
682 3.7357109452422281 -2.0929346452198532 1.7019617389587947 0 0 0 0.1868267973294625 46 276 49 262
684 4.3485479872856461 -2.2828953847664466 2.5043998307087425 255 255 255 1.8063832101352526 38 202 33 200
685 3.222286234672616 -0.3735261593763301 3.3932400190575835 8 7 5 0.74616838588065415 38 241 33 226 35 209 32 209 42 198 36 190 31 190 27 182 22 171 28 152 24 161
686 4.3034276716057773 1.390325120299065 1.500677586530315 217 162 122 1.5047274023937034 38 253 39 345 33 237
688 4.2812005755623099 -1.1038422296418571 2.6338948775072342 30 17 6 0.50933335927331114 38 277 33 263 34 210 35 164
689 4.7538184925313098 1.2141120259283176 1.9524300676056365 255 255 255 1.1526608672036081 47 250 33 297 34 290 32 299 42 286 41 282 40 264
690 4.3371257859804038 -2.2579288947801652 2.4150119610247471 255 255 255 1.5337263952836746 38 324 33 305
692 4.7980971428485679 1.3094675302865928 1.9929075985140643 255 255 255 1.1764096472948729 38 379 33 362 34 357
693 3.9905054313501567 -1.4976515088976898 1.9083843420304201 234 184 157 0.74650581390694948 38 385 33 366 34 347
694 4.2238122938370966 -1.2780128493626937 2.4289806324327876 35 27 19 2.2372113929375423 38 394 33 375 35 310 32 315 42 276 40 178 37 108
695 3.2980510870333144 -0.15179334262612054 2.6730447210020274 241 186 146 1.4135942150786429 38 398 33 379 34 373 32 347 42 338
696 3.9611586370412022 0.78486933414315985 1.7255736647323525 163 122 86 0.61604265275211645 43 260 38 250 33 234 48 247 49 247 50 176 45 218 46 259 47 244 44 215 43 194 38 189 34 217 35 170 35 213 32 173 32 215 42 203 41 162 41 201 40 186 37 153 37 183 36 158 36 194 31 158 30 161 30 192 27 155 29 140 28 119 24 125
697 3.9731538366509684 1.5439562344154543 1.7860955313877844 214 165 130 1.3367734842281858 47 503 44 475 43 453 38 401 33 382 48 501 45 462 46 496 47 494 44 463 43 441 38 392 34 376 40 319 29 283
698 3.0242023763669876 -2.1106115033071395 1.918231889416216 240 194 169 0.81218440268958025 39 139 33 198 38 200 33 247 34 229 35 250 32 253 42 265 41 270 40 274 37 255 36 258 31 258 30 274 27 266
699 3.6541544621663529 -2.2903600772555834 1.7739444626604159 106 93 80 0.11848179179475267 38 3 34 4 35 3
700 3.3085587017883538 -2.1176001200179462 1.6670698049354431 152 117 93 0.14705328742952359 38 18 34 23 35 18 32 13 42 11 41 18 40 75 37 15 36 16 31 14 30 17 27 10 22 10
701 3.6735811314542657 -1.7374877448898229 1.6846673183743988 182 147 125 0.12003725782883951 44 131 34 50 37 27
702 3.1872701678080548 -1.4833321972132236 1.8204283104850756 128 99 84 0.10369735358071541 33 54 34 66 32 49 42 47
703 3.0032987816359733 -1.183374422921329 1.8716890311981884 62 14 9 0.44417490685317296 38 59 34 73 35 75 32 62 42 57
705 4.0624460896291081 0.88937922962850102 1.6657957508021883 223 177 137 0.14543644582806417 43 87 34 89 35 87 42 76 41 65 37 56
706 3.910023581265389 1.4711771458119871 1.8364786537553626 108 83 67 0.360146259100741 33 85 34 91 41 118 40 66 37 124 36 129 31 136 30 135 22 152 29 111 28 120 24 94
707 3.8042469317366048 -2.2215855403748543 1.7542379752078445 100 86 69 0.47705014543558261 33 100 34 102 42 8 41 16 40 10
708 4.0667082505506214 -1.8764693329330553 1.8764116886326434 0 0 0 0.21143123456357163 43 40 47 148
709 3.2022890738792134 -1.4580240961369515 1.7982397978640901 77 52 34 0.27703258041674794 39 109 34 125 35 106 32 110 41 94 36 94 26 64 23 62 19 54 12 21 9 22
710 2.9734803321856522 -1.5198676739768686 2.0858893908541263 178 149 143 0.20401008784798044 39 58 34 127 35 107
711 2.9915680379090746 -1.1488715843306911 1.9577048030205961 134 80 65 0.16864121450570804 33 132 34 134 35 118 32 166 42 158 41 150
713 2.9445513972762511 -1.5103534452566914 2.2459238048983963 173 123 96 0.54725213856662303 33 60 38 173 34 166 35 201 32 240
714 3.0674931099515863 -1.044595160330271 1.9384800443833179 185 91 84 0.32263697892202958 39 169 34 171 42 159 31 185 30 185 27 178 29 164 24 155 23 100 20 136 12 111 9 133 11 142 18 149 13 153 15 153 14 152 6 122 8 105 3 121 17 142
715 4.0043703831202002 -1.4271040919640818 1.8520120539824549 208 129 104 0.23640281352497469 46 344 34 205 35 202
719 2.7099217717463699 1.4815191713005675 2.873440034263449 8 7 5 0.90406272306726476 33 323 34 312 32 302 42 291 41 292
720 3.0241614222417144 -1.0188122275227534 2.3893128277917324 255 255 255 0.80935048463508341 33 315 34 322 35 312 32 318 41 310
721 4.4277386566746415 -1.0481543390052119 2.7741530611179988 255 255 255 1.0558317841109259 49 427 45 389 46 425 38 278 33 264 34 211 48 357 49 300 50 297 45 265 46 308 47 295 44 318 43 245 39 225 32 207
722 3.7516196308858309 -1.8304410298477796 1.6593735553023532 78 53 33 2.0272342496567872 49 144 46 70 34 45 48 63 50 55 45 69 32 32
723 4.0293155706921953 -1.7104441456801502 1.8316784520342164 73 61 47 0.88412354330749676 43 127 39 44 33 43 34 56 48 152 49 148 50 146 45 77 46 158 47 77 44 64 43 46 39 46
724 4.0293155706921953 -1.7104441456801502 1.8316784520342164 73 61 47 0.88412354330749676 43 126 39 43 33 42 34 55 48 151 49 147 50 145 45 76 46 157 47 76 44 63 43 45 39 45
725 3.909047322613425 -1.4556943302149352 1.8488386571051976 241 198 174 0.38641834291499966 38 167 33 176 34 164 50 221 45 257 46 296 47 284 44 247 43 232 39 210 38 220 33 216 35 154 32 160 42 150 41 140 40 103 41 100 37 101 36 103 30 109 21 37
726 3.4859442729721084 -2.327888399372271 1.8211727531179362 57 46 27 0.16046777816508942 33 3 35 1 32 1
727 3.472737806133082 -2.2742225487710335 1.7657370732941884 57 46 27 0.67752323355001653 33 7 35 5 32 3 35 2 42 80 41 67
728 3.3412365118945591 -2.2247268062440759 1.7392173871350547 64 49 29 0.24840616967737666 34 7 35 7 32 6 42 3 40 2 37 3 36 2
729 3.3426245533180561 -2.2269562966036034 1.7428807153431372 64 49 29 0.2567030204584474 34 8 35 8 32 7 42 4 40 3 37 4 36 3 31 69 30 87 27 83 22 5
730 3.2848860890558913 -2.1775382003842814 1.7132597884419476 81 63 40 0.81246992809634699 34 13 35 12 32 9 41 70 39 19 37 72 36 72 31 72
731 3.5663267490601331 -2.0630402049833099 1.6177204608766842 139 106 82 0.43995431497969362 33 23 35 26 32 19 42 17
732 3.9021986901780901 -1.7904207312264788 1.7507022198920923 92 73 58 0.075744569803760139 34 49 35 46 41 31
733 2.9863813906651204 -1.5173632414205966 2.0588642280173173 105 63 49 0.16459630954754925 33 56 35 67 32 53 42 105 41 95 40 95 37 94 36 93 31 100 30 104 27 97 22 92 29 123 28 65 24 103 21 108 25 117 26 93 23 86 20 67 19 86 12 48 9 61 11 68 18 66 13 64 15 71 14 67 6 14 8 15 2 33
734 2.9701381863326994 -1.4845384781787379 2.1085718097491131 163 116 93 0.24175816038167985 34 70 35 71 32 57 42 54 41 52 40 43 37 99 36 101 31 37 30 48 27 102 22 98 29 82 28 71 24 75 21 75 25 32 26 65 23 61 20 69 19 52 12 52 9 19 11 25 18 29 13 65 15 28 14 28 6 17 8 17 2 39 3 20 17 28
735 3.9121848066176326 -1.3105949458242396 1.8914208898771134 202 125 100 0.49065944853866911 33 63 35 74 32 60 41 103 40 48 31 40 30 54 27 105 29 89 28 41 24 43
736 3.6241382124182517 -0.081623968874832628 2.1858877981197642 223 178 149 0.73834890832086497 34 86 35 83 42 71 40 57 37 52 36 60
737 3.903774357048118 1.5459903244961377 1.8455523600792709 111 88 71 0.44381759758620354 34 92 35 88 32 133 42 79 41 119 37 157 31 164 30 137 22 153 29 142 28 122 24 131
738 3.9200536110431945 -1.2994655355193347 1.8675143982958855 238 176 151 0.28326420920850742 43 63 35 117 32 121 41 104 40 106 31 116 30 113 29 92 28 78 24 83 25 43 26 36
739 4.2699462451880184 -0.11748583974282535 1.9580355369310773 48 42 38 0.21443703574670972 33 137 35 130 42 120 37 51 36 57
741 3.6708022082880225 1.7113066229801637 1.9061642424946355 56 54 55 0.27718416893400522 34 183 35 176 42 168 41 120 40 127 37 68 31 65
742 3.6260680289384841 -2.3592365566298699 1.8312692221876625 89 72 56 0.51363233557786092 34 184 35 177 32 179
743 3.3973997349758962 -2.3550996704672533 1.9026557975482137 58 44 24 0.91825998807388931 39 131 35 178 32 180 34 185 42 169
744 4.7067386633300226 1.7374070578728134 2.0383097547025359 149 123 97 1.2470665017084321 34 222 35 219 32 223 42 130 37 126 31 63
746 2.9048185773813375 -1.6193006398610741 2.2099869900117262 129 80 58 0.11981728666401424 34 203 35 231 32 260 42 257
747 3.6905786800152698 -1.7325795519669698 1.6890072564421774 180 143 119 0.11383285801722121 34 274 35 254 32 256 42 254 41 257 40 233 37 230 36 235
748 3.2283102194005195 -0.37513718177771926 2.9919427886742898 9 5 3 1.6730229604015958 34 285 35 265 37 251 40 261
749 4.7573918335521785 1.1747337463767342 1.8560052421238222 130 112 92 0.23452888052254484 34 256 35 271 32 275 42 246
750 2.9343715392644811 1.5838772798311123 2.3316749701330246 255 255 255 0.29941038325692715 34 295 35 277
751 3.0141110237038027 -1.109401995642052 2.0286948451689755 243 190 167 1.3666364518202023 34 280 35 288 32 292 42 278 41 286 40 278 37 260 36 261 31 262 30 266 27 255 29 261 28 251 25 257 26 241 23 238 20 231 19 213 11 246 18 251 13 254 15 254 14 259 6 272 8 254 2 301 3 268 17 315 7 341 16 313 10 314 4 312 1 317 5 319
754 3.3984109814700201 -0.72921401062268398 2.3011486910378269 109 77 54 2.2649790818094915 34 353 35 328 32 329 41 298 42 307 40 292 37 278 31 284 30 295 27 289 22 272 29 278 28 272 24 275 21 268 25 277 26 256 23 257 20 252 19 239 12 225
755 4.1954832716894801 -0.71094699829983021 2.5315015448004683 41 20 9 0.27591017594215544 34 366 35 330 32 319 42 299 41 264 40 55
756 3.07938052052832 -1.4537213338546144 1.9483189750802525 216 166 134 0.81326445943635473 35 338 32 344 42 335 41 325 36 293
757 3.800804040158563 -2.2167854180621882 1.7496425132958653 101 86 70 0.30828499158740946 38 87 33 101 35 17 50 22 45 25 46 28 44 30
758 3.6318320923101521 -2.0196480276564075 1.6449230297027786 160 125 100 1.6502914767066315 48 51 49 42 45 57 38 26 33 29 34 33 35 31 48 49 46 58
759 3.3155183245772295 -2.1061313455595929 1.6521866174383883 132 96 73 0.20928012195590656 35 21 32 15 42 12 41 19 40 11 37 17 36 17 31 15 30 18 27 12 22 12
760 3.5693590879764892 -2.0668382499059801 1.6401503935186679 147 112 85 1.1671694503967951 33 24 32 21 42 18
761 3.829695960916482 -1.5484049852658808 1.788230922408627 94 62 40 0.13491435062648405 34 59 32 41 41 41 30 42
763 3.9074417644777655 -1.3084382186073062 1.8883248402456674 203 127 101 0.28727777726252124 35 73 32 59 40 47 31 39 30 53 29 88 28 40 24 42 25 42 26 35
764 3.246700172546432 -0.99319056737434519 1.8976567751878819 193 144 119 0.17566751335769484 33 69 32 66 42 61 41 107 40 110 36 117 30 124 29 103 28 86 24 90 26 83 23 76 9 34 11 47 18 47 13 39
765 3.5594736470910902 -2.3243222604469689 1.8249869858839338 74 63 45 0.31743404805696485 34 2 32 84
766 2.9968451098383708 -1.4903312594351663 2.0519988222243417 200 147 126 0.21713496297875454 35 69 32 112 42 107 41 96 40 99 37 42 31 104 30 106 22 95 29 79 28 69 24 73 21 72 25 76 26 62 23 59 20 21 19 51 12 50 9 63 11 71 18 68 13 17 15 73 14 27 6 70 8 16 2 40 3 65 7 40 10 27
768 2.9889799380933502 -1.4744041457174266 2.076403022253789 188 136 109 0.3093715774344018 35 72 32 116 42 111 41 99 40 102 37 140 36 145 31 149 30 150 27 141 22 135 29 126 28 101 24 106 21 76 25 79 25 120 26 67 23 90 20 97 19 53 12 75 9 98 11 98 18 70 13 67 15 75 14 68 6 71 8 51 2 90 3 21 17 72 7 41 16 30 10 29 4 34 1 36
769 3.3353769479240012 -0.43406808256314316 3.1356466275291255 11 8 6 1.5672560502294557 35 82 32 127 41 158 40 113 37 116 36 188 31 222 30 243
770 3.795716555741564 -2.4460151330328412 2.0098381041117106 87 71 55 0.19737025678345851 35 91 32 136 42 170
771 3.7573175293649963 -1.8166823632034401 1.6942713630206172 123 97 77 0.16104951545888324 35 145 32 150 42 141 41 130 40 86 37 81 36 80 31 84 30 23 27 21 22 20
772 2.9720270539935902 -1.5178081748108705 2.093231619550997 179 145 135 0.23408526544215502 34 126 32 158 42 148 41 182 40 172 37 167 36 175 31 178 30 176 27 197 22 190 29 149 28 176 24 182 21 179 25 183 26 159 23 161 20 159 19 141 12 100 9 126 11 129 18 135 13 141 15 143 14 135 6 105 8 131 3 110 17 125 7 89 16 80
773 3.0275552765246299 -0.99668019707906652 2.1867554113110708 217 167 143 1.1995256910616301 35 124 32 168 42 195 41 195 40 213 37 238 36 241 31 239 30 253 27 241 22 228 29 238 28 218 24 227 21 218 25 246 26 204 23 214 20 203 19 203 12 183 9 208 11 238 18 228 13 229 15 225 14 232 6 259 8 233 2 286 3 247 17 294 7 314 16 292 10 300 4 293 5 297
774 3.1138738628932963 -0.92272075229405914 1.9736891330248294 214 167 143 0.24854516367209276 33 188 32 169 41 156 40 156 37 149 36 153 31 155 30 158 27 147 22 148 28 115 24 123 25 141 26 114 20 111
776 4.7067386633300226 1.7374070578728134 2.0383097547025359 147 123 97 1.2470665017084321 34 221 35 218 32 222 42 129 37 127 31 62
777 3.4978418761075627 -2.4264122941585544 1.9664413210288583 255 255 255 0.63764901513233918 35 225 32 226 42 216
779 3.0944848927495987 -2.2040858441501716 1.8916466035694157 90 67 44 0.35812868208730092 43 161 32 280 42 294
780 2.9519782654611531 -1.2482067041594105 1.895701425769297 230 180 164 1.5878801097530513 40 275 37 258 36 260 31 261 30 277 27 268 22 249 29 260 28 250 24 258 21 247 25 255 26 238 23 236
781 4.7298061942711662 1.6983255079482911 2.1192871344117425 146 122 98 1.2216036397029943 35 316 32 311 42 309 41 302
782 4.7237030737280961 1.6926169103413522 2.1100437063887671 146 122 98 1.4226434705793505 35 317 32 312 42 310
786 3.3852943511780924 -0.71240711925026712 2.2545395416270249 109 77 54 0.29514944056268833 35 329 32 330 41 299 42 308 40 293
787 4.1703411171795928 -0.89262958694760497 2.4776043500052687 57 35 14 1.9046664601107721 35 341 32 340 42 316 41 296 40 259
788 4.2205509226220039 -0.12034778257079772 1.9446666182053074 52 50 51 0.24574926636931035 34 180 35 169 32 129 46 193 43 149 42 164 41 160 40 117 36 122 31 130 30 128 27 63
789 3.2103197011407638 -2.1472928849490076 1.7403949555889295 147 115 89 0.18449224760291241 32 11 42 10 41 15 40 8 37 14 36 15 31 13 30 15 27 85 22 73 29 65 28 3 24 61 21 2 25 2
790 3.7748450846040207 -2.0469934015840692 1.6866423128865038 98 78 57 0.20416084323676648 34 31 42 26 41 26 40 20 37 22
792 3.0176684442323727 -1.0441690124793559 2.2204393469482961 211 166 141 0.26325202190579955 32 67 42 63 41 109 40 154
793 3.903321510645315 1.48211836040268 1.8609431981354756 32 22 18 0.37001667735350718 33 86 42 78 37 125 36 130 30 136 29 179 28 92
794 3.5150684398448333 -2.1586223645035942 1.6768862056460381 132 104 79 0.57192346415625051 32 92 42 83 41 72 40 74 37 73 36 74 27 14
795 3.315810306522915 -1.4762793996786385 1.7078354746982658 97 60 40 0.19790535456588279 44 140 42 100 41 89 30 99 27 91
796 3.8802023821973521 -1.4504675938990339 1.8473965278516151 123 58 41 0.23454762838771923 32 114 42 109 31 110 30 50
797 4.0282127114080497 -1.4430123605890295 1.8472702623493991 240 181 152 0.22740607243835279 32 117 42 113 41 102 40 104 37 102 36 104 31 112 30 110 27 104 22 47 29 35 28 36
799 4.0434378127720745 -1.5550456941123734 1.8696255245907629 231 168 134 1.7556322446364014 32 191 42 146 41 88
800 3.8784839711989996 -1.279340207550089 1.8739730404538502 238 180 152 0.20039685576849955 32 162 42 153 41 145 40 146 37 143 36 110 31 118 30 115 27 107 22 108 29 95 28 80
801 3.9628086107337284 -1.3478019436488502 1.8653249044443994 245 184 156 0.18203190991977072 32 196 42 187 41 183 40 175 37 171 36 178 31 180 30 181 22 137 29 132 28 104 24 113 21 86 25 95 26 77
802 3.9663390262698059 -1.3498495756265996 1.8706469344022605 245 184 156 0.10981955706485953 32 197 42 188 41 184
803 2.9176759992589463 -1.1777823381393668 1.8954184030662038 169 117 102 0.60469011975786136 32 202 42 192 41 188 40 209
804 3.1323283569547455 -0.35345929315777597 3.3602276855161128 16 12 9 0.44250882123111918 39 234 42 199 41 197 30 190 27 149 22 172 29 139
808 3.3026211113340858 -0.39750091645698854 3.1447926991283395 11 7 4 0.15010470271883031 32 248 42 239 41 237 40 243
809 3.792242906125463 -1.3649666493391157 1.8434912601804911 239 199 165 0.06821122583564683 32 288 42 272 41 275
811 2.5688332944705428 1.2572034277565625 3.7221394351828407 255 255 255 0.81465791335068749 32 341 42 331 41 329
812 4.7953876010206624 1.014346527667964 1.8368095519006167 149 126 104 1.5027776465972913 35 215 32 217 42 204 33 140 34 140 40 187
814 3.3382919719754423 -1.9830950805192384 1.6152730312373069 193 145 118 0.56498778863300048 47 402 44 375 43 362 38 297 33 276 34 269 34 296 35 278 42 266 48 405 49 414 50 412 46 413 47 403 41 254 40 230 40 250 36 233 30 231 27 211 22 200 29 207 28 192 24 198
817 3.5489052525042757 -2.224353912222377 1.7048373942271486 66 51 37 0.015926926045100917 42 6 41 9
818 3.2295001339649985 -2.1883388178848966 1.7590878741211369 72 52 32 0.21816885641301845 32 10 41 12 40 71 37 10 36 71 31 71 30 88
819 3.2231724356397007 -1.5161078178576526 1.7190179283999805 190 141 120 0.28432271341423454 32 38 41 37 27 28 22 23 29 16 28 15 24 19 21 21 25 14 26 11 23 18 20 14 19 14 12 16 9 17
820 3.0159918003547119 -1.5247292028120392 1.8846970363384981 245 204 174 0.093538450516813906 42 43 41 42 40 28 37 31 31 90 30 31 22 27
821 3.0160277463166496 -1.5247176021313065 1.8847537306946427 245 204 174 0.086752277567186925 42 44 41 43 40 29 37 32 31 91 30 32 22 28 29 21
822 2.9119654279604563 -1.5930591488816852 2.1539986854924806 182 137 110 0.21355742140618139 42 41 41 44 40 30 37 33 36 37 31 25 30 33 27 33 22 25 29 17 28 13 24 17 21 16 26 7 23 13 20 12 19 11 12 13 9 9 11 18 18 20 13 10 15 19 14 20 6 10 8 9 2 25 17 21 7 30 1 20
823 2.9119654279604563 -1.5930591488816852 2.1539986854924806 182 137 110 0.21355742140618139 42 42 41 45 40 31 37 34 36 38 31 26 30 34 27 34 22 26 29 18 28 14 24 18 21 17 26 8 23 14 20 13 19 12 12 14 9 10 11 19 18 21 13 11 15 20 14 21 6 11 8 10 2 26 17 22 7 31 1 21
824 2.947889306114531 -1.5164119301305807 2.143909626515045 82 57 40 0.49696983211782125 32 54 41 50 36 46 31 34 27 101 29 78 24 72 25 25 26 16 23 23 11 23 18 26 15 26
826 3.0203502344760107 -1.0043121288062684 2.0650858025907599 185 92 88 0.35963691826638566 42 65 41 59 40 52 37 112 36 119 31 128 30 126 27 119 22 117 29 105 24 92 21 93 25 101 23 103 20 108 19 65 12 86 9 75 11 79 18 83 13 81 15 89 14 79 6 80 8 64 2 101 3 82 17 87 7 107 16 96 10 92 4 95 1 99 5 64
828 3.9595106386631658 -1.6225080780443759 1.8368122924502177 71 51 36 0.14653052368016747 32 155 42 144 41 85
829 3.2469608062403297 -0.99306575798657393 1.8981689359159364 190 144 119 0.18526424079831719 42 62 41 108 40 111 36 118 30 125 29 104 28 87 24 91 21 95 26 84 23 77 20 45 19 67 12 61 9 35 11 48 18 48 13 40
830 3.9429987913533098 1.3263487767173248 1.8249267972067853 124 94 72 0.27109263571500941 42 124 41 116 40 121 37 123 36 128 27 124 22 122 36 199 21 99 24 57
831 3.9083357065655537 -1.2644172788236756 1.8829867352764056 187 119 92 0.099644293758192351 42 154 41 146 40 147 37 144 36 148 31 119 30 116 27 108 22 110
832 3.9083357065655537 -1.2644172788236756 1.8829867352764056 187 119 92 0.099644293758192351 42 155 41 147 40 148 37 145 36 149 31 120 30 117 27 109 22 111
835 3.8393474376920405 1.4935661455555762 1.8615433688029572 32 27 23 1.7002648480273581 42 166 41 165 40 125 37 156 40 161 36 131
836 3.0272793894648569 -0.97188508054142131 2.1032369909237634 183 104 91 0.44334015463337934 42 161 41 196 37 177 36 184 31 187 30 157 31 154 27 146 22 147 29 137 28 113 24 122 21 126 25 140 26 112 23 104 20 110 19 99 12 87 9 111 11 113 18 113 13 124 15 123 14 113 6 123 8 106 2 139 3 122 17 143 7 154 16 137 10 138 4 133 1 100 5 115
837 2.5522351019899236 1.1483473749737447 3.7717395591256762 213 161 124 0.40389603812729935 42 206 41 202 37 217 31 192 30 227 28 189
839 3.0440608444771509 -1.2041575210235451 1.8546795621844123 227 175 153 0.87576384002962815 42 232 41 229 40 205 37 204 36 219 31 214 30 217 27 173 22 165 29 157 28 106 24 80 21 84 25 37
841 2.7164156955382515 1.4260133545846501 3.1959872321230178 18 12 12 1.8264275604424718 40 247 37 268 40 269 36 270 31 256 30 271 27 261 22 242 29 253 28 254 24 263 21 252 25 272 20 216
842 3.6106084798176306 1.6256743960489124 1.8832343156456093 17 13 14 0.46596206904339726 42 249 41 249 40 226 37 223 36 207 31 203 30 199 22 156
843 3.5141051715106655 -2.3143593030047294 1.7935059519328167 51 41 23 0.8943907761162746 42 217 41 251 40 195 37 158 36 164 31 208 30 207 27 159 22 158 29 144
844 3.7889145950096994 -1.3674027901398063 1.8380096626668216 238 198 164 0.81664602110963436 42 273 41 276 40 255 37 246 36 239 31 248 36 251 30 239 27 221 22 193 29 198 28 139 24 111
845 2.9114212387309673 -1.5868498787757646 2.3322182836229333 255 255 255 0.81630239898477908 32 285 41 285 37 245 36 249
846 3.8568402624398419 -1.0714745637297791 2.0455795873692275 217 172 136 1.360123554892019 32 317 41 287 40 241
847 4.2065773931005062 -0.28098754759118882 2.2414360720844302 37 32 32 0.5282845092610704 42 300 41 289 40 282 37 250 36 253 31 250 30 255 27 242
848 3.2499837184425604 -0.77308206014113179 2.0701783536774734 231 180 154 0.82740519285831415 42 306 41 297 40 290 37 275 36 265 37 263 31 278
850 3.0794767459558603 -1.4295427056477519 2.2723635736333594 247 199 177 1.6535771769482286 42 327 30 293 27 285 22 282 29 288 28 279 24 283
851 2.5997512333612005 1.3479775970494705 3.0535762427148847 255 255 255 1.2817399545979016 35 173 35 273 38 137 32 276
853 3.5071533004276612 -2.2296020969497632 1.7238530334384319 85 73 54 0.15290540769268207 41 6 40 4 37 8
854 3.5071533004276612 -2.2296020969497632 1.7238530334384319 85 73 54 0.15290540769268207 41 7 40 5 37 9
855 3.1359743762269647 -2.1919109208862424 1.8344055073397818 114 86 63 0.087378404982968227 42 7 40 7 36 11 31 10 27 5
856 2.931340722600642 -1.5277073022545813 2.185874406657764 167 131 118 0.15711982303102112 41 49 40 40 37 95 36 98 31 147 30 146 27 139 22 132 29 124 28 131 24 104 21 135 25 151 26 122 23 122 20 122 19 108 12 99 9 125 11 128 18 134 13 140 15 142 14 134 6 152 8 129 2 169 3 147 17 123 7 136 16 126 10 121 4 122 1 124 5 148
857 2.9560981001788069 -1.4806160130413026 2.1414927715748817 173 121 96 0.25913684581856367 41 53 40 44 37 100 36 49 31 109 30 108 27 103 22 99 29 83 24 76 25 80 26 69 23 63 20 70 19 23 12 53 9 20 11 72 18 69 13 19 15 74 14 29 6 18 8 18 2 38 3 19 7 39 16 28 10 25 4 32 1 35 5 48
858 3.0880925196635034 -1.0083291746991099 1.9521078654596784 141 51 50 0.28645544830361519 42 60 40 50 37 110 36 116 27 115 29 102 24 88 21 91 26 81 23 102 19 64
859 3.2625664949921318 -0.01079892456508599 2.1487877574973027 32 21 16 0.9668475822860445 32 75 40 60
860 4.7268181247746908 1.1872219218432487 1.8087462235908975 119 104 82 0.18456625859268466 41 114 40 64
861 4.7268181247746908 1.1872219218432487 1.8087462235908975 119 104 82 0.18456625859268466 41 115 40 65
862 2.9227429276177053 -1.6095826794680355 2.2255838980322111 115 65 40 1.5399719893747734 41 86 40 94 29 22 22 30 24 20
863 3.364302991833457 -0.43325582280972719 3.1288060339024146 207 158 126 0.29456386587995026 42 70 40 114 36 121 30 127
866 3.7823207609127611 -1.8054558591721006 1.7040532392884198 101 76 56 0.14104726982144683 41 132 40 138 37 134 36 137 31 86 30 93 27 87 22 79 29 13
867 2.9930685430718493 -1.4418417188173653 1.9628420693490618 190 140 112 0.6510991045343083 42 108 40 173 37 168 36 176 31 211 30 213 27 198 22 203 29 210 28 197 24 205 21 213 25 222 26 194 23 206 20 195 19 180 25 201 12 178 9 189 11 212 18 222 13 203 18 205 15 201 14 206 6 230 8 205 2 230 3 199 17 227 7 243 16 177 10 179
869 4.4358269033059949 0.47180202425551188 1.4914454342915331 214 169 125 0.35988310905649151 41 265 40 216 37 181
870 2.5969735900530075 1.1902961096174545 3.6097602340766359 255 255 255 1.0513912277943231 41 242 40 219 36 197 37 186 31 225 31 252 27 185 22 177 29 177 28 159 24 164 21 165 25 173 26 147 20 148 23 152 19 127 12 122 18 163 13 50 15 55 14 172 13 170 6 190 8 169
871 2.618244766613842 1.297803848707503 2.736084872362937 31 28 28 0.30938549916218855 41 203 40 221 37 218 36 229 31 227 30 248 27 229 29 218 28 203
872 2.9435199533807967 -1.6982816534354794 2.2466280498479496 194 149 127 0.60692988730009523 41 220 40 236 37 232 31 233 30 236 27 215
873 2.9901117317367487 -1.4346529101862053 2.0855326989643381 229 181 154 0.37825237353046659 41 225 40 238 37 235
874 3.9231136897182397 -1.2243334203890857 2.0798522531572865 241 195 162 0.81609620704646868 41 278 42 295 40 240
875 2.561345210106635 1.1205791550782112 3.7441551506237563 216 165 129 1.8291842165938905 42 284 40 266 37 266 36 279
876 3.3612394186275489 -0.50582519040687246 2.7513111403080117 184 139 100 0.48646510091770162 42 238 40 281 37 264
877 3.2906784216859211 -1.4783825654853091 1.7150067271523053 95 62 49 0.44578182440759406 41 294 40 288 37 272 36 274 27 250 24 223 21 212 25 200 26 176
878 3.3918308742244863 -0.47288143601588906 2.5237079192075265 232 190 148 0.27026704115855049 41 300 40 294 37 280
879 3.376421063025338 -0.48204889799459516 2.4992728797246917 232 190 148 1.139012505184356 41 301 40 295 37 281 36 287 31 286 30 297 27 291 22 275 29 289 28 281 24 285
881 3.3209210424795663 -0.88686352703140581 2.1859485439138782 230 183 155 0.18649429989328772 41 327 40 316 37 305 36 296 31 296 30 302
882 3.6313733302929871 -0.63715914752555114 2.2899914541374016 234 195 155 1.0556316839372395 35 342 40 318 37 307 36 298 31 298 30 304 27 295 22 274 29 280 28 274 24 277 21 270
883 4.3104685765788773 -0.10446603700872925 1.9734411986800526 219 174 141 1.3847404512305923 39 360 38 336 33 321 34 287 35 266 34 311 32 272 42 241 41 239 40 116 40 184 42 200 41 159
884 2.9705247774216463 -1.1692128184517079 1.8803114334963602 69 13 9 0.22197413460965146 33 261 34 249 35 205 32 203 40 150 42 157 41 149 37 147 36 151 31 124 30 120 27 54
885 4.3949082259275958 0.51013791568634537 1.4911099748237251 115 97 73 1.0984610435513591 32 213 42 201 41 198 40 185 32 273 42 263 37 182 36 192 32 297 31 156
886 2.4458817429675497 1.4464618058962595 3.1179933507831916 138 100 75 1.5802440642926423 45 286 46 363 47 365 44 332 43 315 39 290 38 321 33 299 34 293 35 275 32 301 42 290 41 284 40 273 45 97 46 197 47 246 47 317 44 163 43 196 37 254 36 272 31 268 30 273 27 263 22 243 29 254 28 245 24 237 21 225 25 237 26 189 23 198 20 189 19 174 12 172 9 165 18 197 16 156
890 3.5691738551141263 -2.1441588721416802 1.6581196831471072 107 82 62 0.40426873378190398 40 77 37 75 31 17
891 3.156384073305583 -1.526486379663873 1.8108693243243388 135 92 68 0.16892977728595876 40 93 37 87 31 89 30 29 27 88 22 83 29 70 28 18 21 22 25 16
892 3.9372456554960671 -1.2603793422914591 1.8856283732235433 233 173 147 0.2873675515797407 40 107 37 104 36 111 31 121 30 118 27 55
893 3.883365739897763 -1.2360497600343028 1.8857057953231693 237 182 152 0.12219174549521357 40 108 37 105 36 113 31 43 30 56 27 57 22 51
894 3.6839313557603521 -1.7888295340867943 1.6735156358187335 124 93 70 0.4213466402003529 32 235 37 161 31 142 30 143 27 135 31 173 22 78 29 69
895 2.9364858384098227 -1.4899679816785754 2.1809666385959376 174 124 92 0.26006479919798109 40 174 37 169 36 177 31 179 30 179 27 169 29 153 28 134 24 141 21 138 25 153 23 125 20 123 19 88 25 119 12 74 9 96 11 96 18 103 13 105 15 105 14 101 6 108 8 91 2 123 3 112 17 70 7 94 16 83 10 80 4 76 1 33 5 45
896 3.9143653575140966 -1.347422564278334 1.9023882081138317 247 196 170 0.65237804137736921 40 202 37 172 31 181 30 182 22 138 29 133
897 4.353340466372642 -0.14501784384650959 2.0299042204056112 33 29 31 0.28518400696851942 40 215 37 179 36 154
898 3.9300477329301593 -1.5453837840960736 1.8085958639417969 242 186 163 1.1730162419332175 41 259 37 199 36 216 31 177 30 177 27 167 22 134 29 128 28 103 24 108 21 111 25 82 26 71
899 2.619894729744586 1.2989931861215653 2.7382004428298434 29 26 26 0.22388511405328221 40 222 37 219 36 230 31 228 30 249 27 230 29 219 28 204
902 2.9557997941081648 -1.1804078202755373 1.9510613166727122 156 99 92 0.66054653588452683 31 277 21 249 26 239 23 237 20 230 19 212 12 202 9 215 11 245 18 250 13 252 15 253 14 257
903 3.031747514730784 -1.0444657668989801 2.132727139926319 109 30 26 0.51109622214792882 40 280 37 262 36 263 31 264 30 268 27 257 22 238 29 248 28 240 24 243 21 235 25 245 26 226 23 225 20 221 19 202 12 193 9 207 11 237 18 245 13 241 15 245 14 247 6 258 6 275 8 244 2 303 3 246 17 293 7 313
904 2.5806578445505464 1.216949977698943 3.6513920208486135 255 255 255 0.81185838468706029 40 267 37 267 36 267 31 282 27 260
906 3.9148784744750378 -1.2740448423652713 1.8703936357487245 208 144 119 1.8320276912010576 40 276 37 273 36 275 31 276 30 278 27 253 29 246 28 238 24 241 21 203 21 232 25 208
907 3.7851412928981598 -2.2014298700624191 1.7684533124600306 86 69 53 0.97700134278666861 40 302 37 287 36 273 31 274 30 263
908 4.4951393993498074 0.55302210754896253 1.5341602839103305 167 140 109 1.2941738685767401 40 310 37 293 36 278 31 281 30 269 27 259
909 2.9786696336345679 -1.6449998715671426 1.8349560412398969 238 195 169 2.112052008752745 41 322 40 312 37 299 32 336 42 325 41 318
910 3.128124807543915 -2.1132904286492864 1.8235785231946502 129 100 85 0.68606607149238319 40 286 41 293 42 302 37 271 32 313 35 308 34 333 36 285 31 273 27 265 22 248 29 258 28 248 24 253 21 242 26 221 25 239 23 221 20 217 19 197
911 3.2888260878928781 -2.2375743439517417 1.7725641911126231 80 66 48 0.15103825933320519 40 1 36 1 31 0 30 0 22 0 29 1
912 3.4546482958015718 -2.2388890058527307 1.7211294102929122 107 93 75 0.14349369320387928 37 2 36 4 31 4 30 4
913 3.1879932377368734 -2.233116756915078 1.8349584332694466 64 47 27 0.11219242039950864 37 7 36 5 31 1 30 3
914 3.254370334258752 -2.2205785597660288 1.7708918154004449 57 40 19 0.20753163698554292 37 5 36 6 31 2 30 1 27 0 22 2
915 3.2529193969693302 -2.219752902700229 1.7691980900596076 57 40 19 0.22814042760745781 37 6 36 7 31 3 30 2 27 1 22 3 29 2
916 3.4025042747942074 -2.2321840295233688 1.7419258004489648 103 87 66 0.35648620075775811 41 5 36 8 31 5 30 6 27 4 22 7
917 3.1817120035103348 -2.1946421199447883 1.7918176998473669 83 60 36 0.18288176824539204 37 11 36 10 31 7 30 8 27 2
918 3.4247932277488471 -2.1034729309697648 1.6320443346775484 162 123 97 0.30379888098313046 41 74 36 18 31 16 22 14
919 3.4762659695107176 -2.1077319088454192 1.6329583416595972 137 104 77 0.085308845728626653 37 19 36 19 30 20 27 15
920 3.5487442589788256 -2.064774359922982 1.6365105948834777 176 138 112 0.016401947689430436 40 18 36 20
921 2.9499463477257093 -1.7868006261115168 2.3245241493806499 210 169 149 1.129050802841401 37 29 36 26 30 25
922 3.3841977798812453 -1.5887544486089848 1.6455145877046484 213 172 146 0.2938211392808901 35 55 43 128 36 27
923 2.9053655785039365 -1.6032435374290854 2.1789856318163854 111 59 35 0.23788500961932693 36 36 30 30 27 32 22 81 24 16 25 9 26 6 19 10 11 17 13 9 17 19
924 2.91775977412507 -1.5811016332504955 2.1634744199896092 93 55 44 0.41050850537699873 40 33 36 39 29 23 28 21 25 13 9 13 18 24 10 20
925 2.9753580587570081 -1.5362616431744336 2.072652080522174 98 59 47 0.22077100632268928 42 48 36 42 31 94 27 93 22 88 28 63 24 70 25 72 20 65 19 47 12 42 9 58 11 65 15 23 14 25 8 13
926 2.9156271305367931 -1.1837782940300317 1.8566134775640708 190 139 122 0.24997388644778953 37 106 36 51 30 55 27 52 22 104 29 40 24 40 25 89 26 31 23 34 20 76
928 3.2476047124426621 -0.057959081614603947 2.5353728808939096 219 176 156 0.98569504146199505 40 58 36 61 31 53 27 67 29 49 28 44 22 56
929 3.2805733583079095 -0.036566823459427869 2.4788303583466584 237 191 165 0.20437984864560868 41 62 36 62 30 64 29 51 24 52
930 4.715286260873623 1.1704778302781484 1.8073448756036126 118 103 80 2.3742107244239161 41 268 36 127
931 4.0188760328424511 -1.3016470812172127 1.8707377818943365 255 255 255 0.69186627153567548 37 173 36 147 27 174
932 2.5952252072227924 1.1907137337494882 3.6046523158285817 255 255 255 0.61849366095011904 37 187 40 220 36 198 31 226 27 186 22 178 29 178 28 160 24 165 21 166 26 148 25 174 23 153 20 149 19 128 12 123 18 164
933 2.6268691651144591 1.3281673557454972 3.1477157736122816 255 255 255 1.1493058311854962 41 163 42 123 36 202
934 4.6797382770409186 1.6196103532115835 1.9647912896518807 255 255 255 0.37175053706604322 37 188 36 203 31 196
935 4.6649469785377047 1.6293057346536004 1.9976724481767698 147 124 100 0.1846799395610759 37 189 36 204 31 197
936 3.818135554964798 -1.1926815218816706 1.9425650914655368 238 194 160 0.58859590138169893 37 237 36 222 31 217 30 184 22 145
937 2.9959006217821837 -0.29607225394534448 3.2835255649739552 240 195 160 0.14478060106761925 37 210 36 226
939 3.7233937093616531 -1.7904541256189155 1.7305308182342449 141 108 85 1.6666240840541406 37 229 36 234 27 162 22 159 29 119
940 4.2943454369048606 0.73322709239471651 1.4871092292901857 224 181 137 0.97699008321458358 40 283 36 254 31 251
941 2.8962477106514526 -1.6413041716275674 1.9974707812011328 130 90 70 0.16476056816573689 37 256 36 259 31 260
942 3.795511135839631 -0.86948615120458139 2.1616625334771191 221 177 139 0.8357258032509286 37 274 30 254 27 224
943 4.6206332190543362 1.6576867564074258 1.9984568798513613 147 122 100 0.49437471213919437 37 269 36 268 31 266
944 3.0507244401527944 -0.93803187922237363 2.0228689765777057 148 84 70 0.30003633092727688 42 237 41 236 37 209 36 185 33 73 34 80 35 126 32 124 42 162 41 155 40 155 31 188 30 222 27 181 22 169 29 201 28 150 24 192 21 154 25 191 26 168 23 170 20 167 19 149 12 143 9 161 11 185 18 191 13 190 15 188 14 194
945 2.9467518437279407 1.5837847318812133 2.3494389498465398 255 255 255 1.3005366391874484 33 87 34 294 35 276 42 292 36 208 35 220 42 212 41 246 40 227 37 224 30 200 30 261 27 192 27 247 22 184 29 186 28 168 24 175 21 171 25 181 26 152 20 152 19 172 12 151 11 160 18 170 13 171 15 172 14 175
946 4.1119520632689932 1.8186666451293536 1.6799081459728227 218 164 128 0.96943427116215797 38 342 33 327 34 314 32 224 42 214 33 242 34 261 41 212 40 191 37 193 36 210 48 324 46 327 44 286 39 247 43 321 31 204 30 203 27 189 29 183 24 134 24 171 21 169 25 177 23 113
947 4.7594512055557043 1.1745965993856979 1.8596449024159916 131 112 91 1.1942732066606629 38 192 33 194 47 248 43 263 34 255 35 270 32 274 42 245 41 267 40 244
948 3.1363134241856021 -2.2261986118556725 1.8688679813818829 68 51 30 0.38345796765676959 36 9 31 6 30 5 27 84 31 70 29 62
949 3.3007315268648103 -2.0356613059272655 1.6314976956558083 216 167 142 0.18818989712316236 37 21 31 19 28 7 21 5
951 3.2138904376898223 -1.4819814094086317 1.7757776109673771 32 17 9 0.1401174710188402 37 37 31 28 30 39 27 38 22 33 29 28 24 25 21 30 26 18 23 24 19 21
952 3.2152706107702622 -1.4668331506519929 1.7758420141238918 87 67 49 0.10728970666226009 36 44 31 30 25 28 20 22
953 3.0730427000183611 -0.33483598528555331 3.3430840171284091 221 172 144 0.40437133248015966 36 56 31 50 30 62 27 120 22 119 29 107
954 2.7806431931510547 0.25531520011405667 3.3218147919244583 24 15 11 1.5602444778193831 36 63 31 58 30 67
955 2.5239656817028004 1.4255149428484075 3.2019484283037056 197 144 113 0.18785953445917941 37 64 31 64
956 3.0740806263757072 -1.5923108350415176 1.766436782277707 141 103 82 0.51459230961601821 36 28 31 88 24 12
957 3.2343389433726357 -1.4677561921178894 1.7659113726706326 64 49 37 0.34666163410387896 34 67 31 98 30 103 27 95 22 93 21 34 26 24 20 24
958 3.8791501406494269 -1.4493385353684107 1.8463028350046136 127 63 46 0.14681284615832901 42 110 31 111 30 51
959 3.9115224236148465 -1.407715739218951 1.8914864547964365 232 180 157 0.17850732828889057 36 106 31 115 30 112 27 51
960 3.882102325663864 -1.2814024746416606 1.8765003378814995 238 179 151 0.10768009504996541 36 109 31 117 30 114 27 106 22 107 29 94 28 79 24 85 21 88 25 44 26 38
961 4.2627015829988526 -0.10149441413095399 1.9315419949715045 211 168 143 0.087665519220499769 36 156 31 131 30 130 27 64
962 3.8337566255560209 1.4454882547786245 1.8398067027165801 29 23 22 0.7846692214533324 36 162 31 135
963 4.7472048385876517 0.66263019910852172 1.7090422102770804 255 255 255 0.4371950797253909 36 124 31 157 30 160
965 3.8944972879788189 -0.71148353112351248 2.1727090417728059 202 155 114 0.5776597860685645 36 187 31 189
967 3.1132556167510383 -0.73833736861884836 2.1846029286603978 132 86 65 0.24750720854761143 36 224 31 220 30 223 27 225
968 3.1151855842971701 -0.73867303879922519 2.1871639862317078 132 86 65 0.21615243723637106 36 225 31 221 30 224 27 226 22 210
969 3.969633947506447 -1.5188514815157788 1.8070182354895816 175 104 77 0.19825305696118378 36 237 31 234 30 237 27 219 22 204 29 211 28 180 24 184 21 180 25 185 26 124 23 127
970 3.8404315618037135 -1.1531091778450882 2.0011083285266684 151 115 92 0.37592083503366658 36 252 31 237 30 241 27 177
971 3.1436125674789661 -1.0516594534881802 1.8983301379022566 231 188 162 0.28712742555056026 37 247 31 238 30 242 27 223 22 209 29 215 28 202 24 207 21 204 25 209 26 184 23 191 20 183 19 147 12 142 9 160 11 182 18 150 13 154 15 119 14 77 8 61
973 4.0948909550253587 1.8015912270018501 1.6956834667775096 222 169 136 1.1609941781669884 32 325 40 300 31 269 28 226 24 247 25 233 26 213 20 214 19 192 12 147 18 165
975 3.290565830272473 -0.44676846403320924 3.3291809422777932 255 255 255 0.94809277556196925 37 265 31 279 27 270 29 270 24 266
976 3.4030520397565192 -0.72887676633750875 2.309006031762717 112 79 56 1.6630396995667733 37 291 31 285 30 296 27 290 22 273 29 279 28 273 24 276 21 269 25 278
977 2.5576742050279111 1.2508569578500564 3.6521110113555162 255 255 255 1.0073583032414748 36 288 31 293 30 285 27 293 22 277 29 282 28 276 24 279 21 274 25 284 26 259
978 3.7351506757618305 -0.95718369403853987 2.0728594927041133 164 133 100 1.5254697653032581 36 295 31 295 27 286 22 261 29 269
979 3.8962549670095585 1.4512397677105155 1.8697512983156375 78 64 53 0.83018680932578526 32 80 40 123 31 134 30 134 27 77 29 54
980 4.0736670151294003 1.7604981315204311 1.6941722422135177 165 127 102 2.2884735759808774 48 504 49 500 50 515 45 464 38 383 34 360 30 288
981 3.566143611247889 -0.042865885679389183 2.1979241012291761 32 19 13 0.1381669029690864 37 53 31 52
982 3.185935051248201 -2.1974054435357311 1.7960580630800631 83 61 36 0.17316217883668628 31 8 30 9 27 3 22 6 29 3
985 2.9710895168527518 -0.21310321379334352 3.2374721364197296 21 13 9 0.16334737719168058 36 59 30 63
986 3.8424183013114059 1.4608789897844603 1.8565255138909693 30 24 21 1.070640921866082 31 137 30 74 22 65
987 3.3382508159544635 -2.2255648277564242 1.7396074271066655 63 48 28 0.08574352952353749 31 68 30 86 27 82 22 4
990 2.9701084633394839 -1.1999952693260731 1.9927326714617499 53 13 7 0.33618402753730314 31 122 30 154 27 175 22 166 29 158 28 143 24 189 21 145 25 189 26 164 23 165 20 164 19 144 12 140 9 158 11 179 18 185 13 186 15 181 14 147 6 164 8 190 2 183 3 158 17 184 7 198 16 185 10 186 4 181 1 186 5 209
991 4.201044243299588 1.5646426281322812 1.688148506224354 255 255 255 1.3170317800087226 31 200 30 166
992 2.9976134681447251 -1.3286268582385374 2.0966424972265836 238 191 161 0.36788617816546793 31 150 30 180 27 172 22 194 29 213
994 3.5707832893170526 -2.3006929843660382 1.7750247771164789 37 28 12 0.17689825686631416 31 229 30 208
995 3.0483312653313663 -2.2218523409753312 2.1604227047038043 156 117 91 0.079460397680813727 31 170 30 209
996 4.3229100363129627 1.4308656018225294 1.5914033398584841 216 161 120 0.86172486884607069 31 195 30 229 22 176 27 209 29 173 28 50 22 63
997 3.7071037913927976 -1.7391897621121351 1.7009920936510277 177 141 117 0.039602550234369899 31 231 30 233 27 212
998 2.9407302370174779 -1.5448107713849588 2.1365318562595248 37 23 13 0.20388887130930031 31 246 30 251 27 238 22 221 29 230 28 212 24 222 21 211 25 221 26 193 23 205 20 193 19 179 12 177 9 188 11 211 18 221 13 221 15 217 14 225 6 250 8 225 2 250 3 215 17 249 7 267 16 244 10 256 4 227 1 235 5 258
999 3.3273853318809841 -0.4099011561785022 3.1585033229448345 11 7 5 1.2650812426127176 31 265 30 256 27 227 22 231 29 250 28 241
1000 3.4310262289262781 -2.0427617254953954 1.622362476855181 199 156 130 0.56548202586590957 31 275 30 275 27 249 22 217 28 191 24 135 21 101
1001 3.2898658940005658 -0.85496700732183717 2.5374877396564761 171 128 100 0.84371227724294529 31 249 30 280
1003 2.9959786275121334 -1.4260449823110983 2.1840697547697006 0 0 0 1.8115908128393241 31 291 40 289
1004 3.2051179263615679 -1.5076274296098771 1.7749393362306041 111 67 49 0.56174610350898679 36 291 37 301 30 299 27 294 22 280 29 286 28 277 24 281 21 271 25 280
1005 3.2058493701025212 -1.51215210216438 1.776105121207656 111 67 49 0.089544641408974002 37 302 30 300 22 281
1008 2.9752933466097451 1.7445823584657656 2.349477500054749 6 5 3 0.48828036622462073 36 212 31 206 30 205 35 222 41 210 40 193 37 226 27 194 28 170 22 187 24 177 29 188 21 173 26 49 26 154 23 156 19 134 12 127 9 149 11 164 18 174 13 178 6 199 8 119 2 212 7 229 16 210
1009 3.0740396775450849 -2.2152735044161456 1.9580246261054652 124 98 74 0.26874045832440163 30 14 27 7 22 8 29 4
1010 2.9314307852965009 -1.5648732833111862 2.257985761402336 84 59 46 0.44214529243217043 31 31 27 43 22 38 29 75 28 28 21 68 25 21 26 60 12 45 8 87 2 29 3 16 17 122 5 35
1011 2.9345229809763782 -1.5668637218396126 2.2603031482397071 84 59 46 0.32145826036473801 31 32 27 44 22 39 28 29 21 69 25 22 26 61 12 46 2 30 3 17
1012 3.2233402563455891 -1.4387455882316278 1.7809298360096646 183 138 117 0.052090238626835567 30 45 27 45 22 42
1013 3.4247736480544595 -0.021383334518295747 2.1983074055440812 25 16 12 2.8280717015264152 43 84 27 66 13 45
1014 2.4735010907514514 1.4286784685289613 3.2244344467620034 196 139 109 0.29862529151788936 30 77 27 79 22 67 29 59 28 52 24 98 21 59 25 59 26 48 23 50 20 56 19 40 9 51
1015 2.6928895508664992 1.359051898594718 3.1835017746927794 38 31 29 1.5920433087519967 30 75 27 129 22 154 28 123
1016 3.938095490023898 -1.8394161284911212 1.7707320594158382 70 54 39 0.14830946455281366 30 170 27 161
1017 2.9435280430519968 -1.303004226842194 1.984408630994384 188 137 118 0.41704018749359673 30 215 27 200 22 206 29 233 28 214 24 225 21 215 25 224 26 198 23 209
1018 2.9554945274180797 -1.3067747209746052 1.9928188639864914 188 137 118 0.46275858752919341 30 216 27 201 22 207 29 232 28 213 24 224 21 214 25 223 26 197 23 208 20 198 19 182 12 180 9 175 11 192 18 209 13 204 15 202 14 207 6 231 8 206 2 255 3 218 17 254 7 246
1020 4.3544561172221492 1.440675229511986 1.6108455417920058 216 161 120 0.75358202085176951 31 60 27 208 22 175 29 172
1021 2.8855816214117729 -1.7671668701121448 2.1927626852186153 221 178 157 1.6855909931098552 30 234 27 213 29 244 28 208
1023 4.3580526702204887 1.4238176069365092 1.6298172570063534 219 164 123 0.73586130397393168 30 258 27 244 29 252 28 224
1026 3.5776018593005543 -1.2905495920438013 1.7749616098118606 190 147 117 0.49269097030332859 30 276 27 252 22 234
1027 3.9776049201208927 -1.1189128563865887 2.0338570665421014 255 255 255 0.48357077263265602 36 286 27 279
1028 2.6478460940181923 1.1047844735889794 3.9540192890126784 204 152 115 1.6249008920457761 30 284 31 288 27 280 22 262 29 272 27 272 28 264
1029 4.3839722532447007 0.058718643336530513 1.6922235667802317 228 182 140 0.98815847145345026 30 298 27 292 22 276 29 281 28 275 21 262 25 270 26 252 23 250
1030 3.250855701933514 -0.30649456189061486 2.893480858903994 230 185 147 1.8002493531524753 31 287 30 283 27 271 43 380 39 341 38 335 33 320 34 309 35 290 32 308 42 280 41 290 37 282 36 277 31 280 30 281 22 252 29 263 28 252 24 269 21 261 25 268 26 250 23 248
1031 3.1887916638330362 -1.0108052473691744 1.9187004437219695 149 67 61 1.5130302090584418 49 399 45 386 47 415 43 375 34 319 27 239 40 257 37 248 22 226 29 235 28 216 21 216 26 202 23 212 20 201 19 164 12 165 9 181 11 183 18 189 13 155
1032 3.1887916638330362 -1.0108052473691744 1.9187004437219695 149 67 61 1.5130302090584418 49 400 45 387 47 416 43 376 34 320 27 240 40 258 37 249 22 227 29 236 28 217 21 217 26 203 23 213 20 202 19 165 12 166 9 182 11 184 18 190 13 156
1033 2.9174560509577923 1.6010458209900389 2.3614213089016314 244 244 244 1.8597220860774368 27 248 35 307 32 322 42 312 41 307 41 313 35 306 32 321 42 311 48 482 49 475 50 485 46 486 47 481 44 453 43 430 49 437 45 398 46 447 47 464 44 397 44 434 43 384 43 419 39 380 39 393 38 380 33 340 38 338 34 341 34 358 32 333 41 306 33 341 40 298 40 299 37 283 37 284 37 295 36 280 36 281 31 272 42 293 31 271 27 274 27 275 22 247 22 263 22 264 22 246 29 273 29 274 28 231 28 255 28 256 24 251 24 252 28 230 21 228 21 253 21 254 21 227 25 251 25 252 26 218 26 219 26 242 26 243 23 232 23 233 20 236 20 237 19 219 19 220 12 198 12 199 9 200 9 201 11 230 11 231 18 238 18 239 15 238 15 239
1034 3.0384042465390046 -2.2057624010394088 2.0309877968434629 151 115 92 0.26300033326796712 22 9 28 4 24 1
1035 3.3052885032862576 -2.1150070805889833 1.6639189896534747 155 120 95 0.079451206165443586 27 11 22 11 28 5 29 6
1036 2.8884142637423706 -1.6356286710816561 2.2524718116133933 197 156 137 0.2801453094256881 27 29 22 22 28 98
1037 3.3081060434008984 -1.6558037527568925 2.8452621836879981 176 100 79 0.62479850420987326 27 50 22 101 29 130 28 136 21 182 25 186 26 161
1038 3.0470633398264413 -0.93125265826493386 2.0470173406200791 183 138 118 0.22470877270444023 31 48 22 118 29 47 28 88 24 48 21 96 26 85 23 78 20 46 19 68 12 62 9 37 11 80 18 84 13 83 15 90 14 81 6 36 8 67 2 55 3 39 17 42 7 61 16 41
1039 3.0603681489156647 -2.2010409074296486 1.9711722004873058 138 104 78 0.52217830614880389 27 132 22 129 28 93 24 99 21 61 25 61 26 51 23 52 20 57 19 41 12 0 9 0 11 0
1040 3.1173080878653749 -1.2232058387951841 1.8761985162469637 208 150 127 0.3767262163878608 27 142 22 139 29 86
1041 3.8066273558497215 -1.2558502185901612 1.8787610537827244 239 192 159 0.19862076622358091 27 204 22 167 29 160 28 144 24 152 21 149
1042 2.709020810083052 0.83109019985116039 3.3631145216693965 129 101 79 1.1962372281910003 29 170 28 157 19 124 30 70
1043 3.620221571698083 -1.9779893785978435 1.6408057413857149 171 135 109 0.47409421748472669 27 196 22 189 28 94
1044 3.6262497807832847 1.629317557189212 1.883810533055801 15 11 12 0.41636842008909358 27 232 22 198 29 204 28 190 24 169
1047 3.3082809780928053 -0.89833237310212088 2.2912873157626525 239 187 160 0.23343830946940866 27 287 22 270
1048 4.1707224496799693 -0.28733191929188223 2.208299470967876 36 31 28 0.92307287505728008 30 188 27 206 22 170 36 242 31 240 28 186 24 160
1049 3.1185203369074386 -2.2702781430061223 2.0706883867962587 85 64 45 0.79761643441004348 36 246 22 216 29 223 28 125
1050 3.3241152910697651 -2.181599415655131 1.704227762357343 81 63 42 0.050530351008592711 27 6 29 5 30 12
1051 3.2661512213580082 -1.5194997694134693 1.6960294145716861 139 90 65 1.5191607712154218 36 30 29 19 20 15
1052 3.4783228511681474 -0.012345070007208293 2.2515742785431412 34 21 17 0.18155561364887207 22 55 29 50 27 68
1053 2.4721226599123165 1.4280918616281439 3.2229917441905904 198 141 111 0.21085584891307663 22 66 29 58 28 51 21 58 25 58 26 47 23 49 19 39 9 50
1054 3.3537534631933861 -1.971180674286297 1.6122354616165009 198 147 119 0.24207566798235014 22 75 29 67 28 57 24 4 21 7
1055 3.3023632164267904 -1.4865384218108495 2.8140171050956759 210 150 132 0.30958276728385542 22 102 29 87 28 75 24 82 21 85 25 92 26 75 23 68 20 77 19 58 12 56 9 102 11 102 18 77 13 74 15 82 14 76
1056 2.9452697819434333 -1.2176604267541529 2.0075642927481163 191 141 126 0.62979380228157511 22 106 29 91 28 107 24 114 21 142 24 145
1057 3.2706518278243668 -1.4406967610256349 2.7598749082465668 211 152 129 0.37315436750514763 22 109 29 93 28 109 24 117 21 118 25 133 26 107 23 97 20 102 19 60 9 68 18 41 8 57
1058 2.9780432269315491 -1.1756886557225894 1.9802635135134143 152 103 94 0.30086861913444835 22 112 29 97 28 111 24 119 21 119 25 134 26 108 23 98 20 103 12 81 9 105 11 105 18 110 13 119 15 118 14 109 6 116 8 101 2 133 3 117 17 138 7 149 16 134 10 133 4 131 1 138 5 158
1059 2.7636167145959356 1.2580127378638779 3.4148805081942673 54 41 33 0.80290262323105022 22 64 29 110 28 121 21 167 25 194 26 171 23 173 20 185 19 167 12 169 9 184 11 205 18 236 11 228 13 235 15 234 14 241 6 267 8 239 2 294 3 257 17 304 7 295 16 240 10 242 4 244 1 208 5 232
1061 3.2791940906426129 -1.6559479770719436 2.7762929363581015 216 165 142 0.73224975989121666 22 136 29 129 28 135 24 143 21 181 24 185
1062 3.7089689237753727 -1.7803082151722922 1.7133238371635822 160 123 99 1.2613213232295535 30 232 29 146 28 97
1063 3.1450039371480689 -1.4502919994090469 1.8660966298605253 219 173 145 0.286542064267096 22 191 29 152 28 133 24 140 21 109 24 105 25 121 26 68
1064 4.0071686716495725 -1.3941538520374019 1.848500889773925 213 134 107 0.72823549487915273 22 164 29 154 21 82 25 90
1065 3.284761879591092 -1.4817385052750127 2.7589533981314571 144 75 54 0.25583837732491688 22 140 29 155 28 182
1066 3.284761879591092 -1.4817385052750127 2.7589533981314571 144 75 54 0.25583837732491688 22 141 29 156 28 183
1067 3.7496863944704737 -1.1710697916618726 1.8876694185022564 239 194 162 1.3501501922608208 22 168 29 163 28 147 24 154 21 125 25 99
1068 3.0863253313127039 -0.98430059572801143 1.9688203212631197 211 111 108 0.46858847031884776 38 235 40 180 29 166 24 157 23 138 20 138 19 148 12 113 9 134 11 143 18 151 15 121 14 154
1071 3.2104847903831764 -0.70593035442788787 2.0590853624516154 152 107 83 0.14866546931266567 42 68 21 97
1072 3.8413827936599847 -1.5604913327464482 1.7842769445332134 112 83 63 0.97579349994292508 22 222 29 231 28 177 24 142 21 139
1073 3.3053187769400472 -1.3722330164403287 2.782453940244094 196 136 121 0.56395428356957067 22 224 29 234 28 215 24 226 21 233 25 225 26 201 23 210 20 199 19 184 12 182 9 194
1074 3.3669196528923919 -0.75475835835526661 2.4622336273332706 175 140 108 1.1618805035717119 22 230 29 239 20 232 23 239 19 216 12 205 9 218 11 248 18 254
1076 3.1553018809288593 -2.1144859003334875 1.8388494083983284 239 193 165 0.087254403161069805 22 259 29 266 28 258
1077 3.143662228010236 -0.87841605019277946 2.1536117698503916 236 184 158 2.183171958248789 22 271 29 277 28 271 24 274 21 267 25 276 26 255 23 256 20 251 19 238 12 221 9 237 9 243 11 263 18 278 13 272
1078 3.3837977381307325 -1.7246831202577195 1.6490966106447913 232 191 163 1.4393791115746668 29 275 28 259 24 256
1079 3.0197824233162676 -1.3631697634985827 1.8837302302298347 228 178 155 1.3594996144079801 29 287 28 278 24 282 21 272 25 282 26 257
1080 2.4488753103210783 1.4326666635087815 3.2718562105374773 255 255 255 1.7913657694807712 37 221 27 231 22 214 40 248 29 220 34 257 35 294 32 277 42 264 42 288 37 252 40 270 36 257 31 257 27 246 28 228 24 236
1081 3.1847156498311437 -1.4655117688622257 1.8377799329450295 139 93 75 0.13517517354922592 22 40 28 31 24 32 25 31 26 25 23 29 20 25 19 25
1082 3.3154967038575611 -1.5391582505490102 2.8613986951113501 199 128 107 1.2127393998379965 29 36 28 38 24 39 29 39 25 88 26 73 23 93 18 144
1083 3.4392213170578669 -0.0046640830533198835 2.2820655696412007 22 13 10 1.0211006417589499 27 69 40 59 41 63 28 46
1084 3.2937799310535301 -0.015010805008045225 2.4665314809184395 0 0 0 0.012718036291399819 35 84 42 73
1085 2.8031501981225526 0.099240406291164054 3.1826100065147944 26 14 10 0.68813590649792911 29 53 28 48 24 54
1086 2.949396040061524 -1.183295572497439 1.9395082105326107 66 6 5 0.20557368862637918 29 41 28 77 24 116 21 117 25 129 26 105 23 132 20 132 12 106
1088 2.9323619261520442 -1.2152776917544934 1.9602850863720176 179 133 121 0.35762706978882475 22 103 28 105 24 112 21 141
1090 4.5192883293926984 0.61277145377492359 1.54605552909421 171 135 99 2.5699684328458394 22 213 28 118
1091 2.9852779133851715 -1.2273068535266367 2.0677699230128592 165 115 93 0.23602543137446072 29 134 28 140 24 146 21 187 25 188 26 163 23 164 20 182 19 163 12 162 9 179 11 196 18 212 13 207 15 204 14 210 6 233 8 208 2 260 3 222 17 260 7 277 16 256 10 266 4 265 1 240 5 264
1092 4.3916289762222283 1.453577485988276 1.6254784479959783 216 161 120 0.68542305428280237 22 62 28 158
1093 3.93868945751947 1.5527814728630391 1.8614653055239068 114 90 70 0.33661151825059066 29 180 28 161 24 167
1094 2.6321762240837674 1.3393645384035633 3.0773436039844064 36 30 28 0.4523565407537814 22 155 28 165 24 197 21 193 25 196 26 172 23 197 20 187 19 169 12 171 9 186 11 207 18 219 13 216 15 212 14 221 6 241 8 218 2 276 3 260 15 237 7 298 16 273 10 277 4 276 1 283 1 305 5 302
1095 3.7840600005229206 1.8049561781387828 1.9330474567643552 255 255 255 0.52334503395376197 22 186 28 167
1096 3.3065324801977143 -1.7078185212254369 2.8183302126624863 158 82 61 0.68099220727109977 29 194 28 179 24 183 21 200 25 202 26 178 23 184 20 178 19 159 12 158 9 173 11 174 18 139
1097 3.3012762319039362 -1.4461597353254789 2.8285377202480277 197 130 109 0.36025540442829151 29 159 28 184 24 190 21 188 25 207 26 182 23 189 19 183 12 181
1098 3.2901462870399247 -0.7813527226641509 1.9807083782926405 226 177 150 0.22957907944024233 29 216 28 185 24 194
1100 3.6357147687640388 -1.7072918647491118 1.6840854377058327 192 156 133 0.53115126813528102 29 227 28 195 24 180 21 132 25 66
1101 3.3714074581228526 -0.75376207722901445 2.0311286321269582 167 129 101 0.19313175753186909 29 249 28 220 24 210
1102 4.0948909550253587 1.8015912270018501 1.6956834667775096 222 169 135 1.1609941781669884 31 270 32 326 40 301 28 227 24 248 25 234 26 214 20 215 19 193 12 148 18 166
1103 2.6964940549939351 1.4694408897896398 2.3972479364800248 13 10 8 1.4314933517840021 37 191 28 229
1104 4.19892245022442 1.4791689415256855 1.6399152616934689 255 255 255 1.0072815475836676 22 240 28 242 24 231 25 231 23 218 26 234 20 211 19 190 9 142 11 155
1105 4.1949575623346096 1.4833895953646761 1.6391993667429094 255 255 255 0.40536590619870039 22 241 28 243 24 232 25 232
1106 3.8629920408056955 1.760165055953979 1.8969509006211502 39 32 22 1.2918496657826271 22 255 29 243 24 249 21 223 25 235
1107 3.4070990613282954 -2.2129522854402097 1.7338845709393529 97 76 55 0.74415121096286996 29 265 28 257 25 216
1108 2.9354096846103812 -1.5598593611525502 2.1644236331124391 71 54 42 0.2508504360498916 29 268 28 261 21 255 23 243 20 240 9 220 11 253 18 261 15 264 14 266 6 291
1109 3.3514186207462782 -0.38271439654280409 3.1966103768121648 6 4 2 0.76597666219893212 29 271 28 263 24 260 24 268 21 260 25 267 26 249
1110 3.3471925326312473 -0.99851935180827256 2.6139698569975094 165 122 97 1.3274599622530114 28 270 24 273 21 266 25 283
1111 3.188961447929644 -1.4329236234747966 2.6545340388014749 171 105 85 0.78622147580893909 29 276 28 280 24 284
1112 3.2557833725077403 -1.5174468768871983 1.6899949046620286 137 93 64 1.702840362575248 49 156 50 71 45 146 46 165 44 71 38 109 33 120 34 121 35 102 42 97 37 86 36 31 30 27 29 20 28 19 29 121 28 62 24 21 21 23 26 13 26 59 23 20 20 16
1113 2.9764795728679494 1.7449722793597322 2.3498632855161503 6 5 3 0.4070530212682828 22 188 29 189 28 171 34 223 35 223 40 194 41 211 37 227 36 213 31 207 27 195 30 206 24 178 21 174 26 155 23 157 19 135 12 128 9 150 11 165 18 175 13 179 6 200 8 120 2 213
1114 3.0132605830614367 -1.4792584435596621 1.8967048862808162 243 199 171 1.0582970386055768 30 265 27 251 22 233 29 259 28 249 21 256 25 263 26 244 23 244 20 227 23 234 19 209 12 200 9 213 11 234
1115 3.0810892462431783 -2.1680682410716594 1.8791991367317058 145 108 83 0.39172879917648584 28 2 24 0 21 0 25 1 26 52 23 53 19 0 12 1 9 1 11 1
1117 2.9198085695564777 -1.593777224405033 2.133811403487528 177 129 109 0.12304364306204288 28 12 24 14 21 15 20 11 12 11 13 12 8 11
1118 2.9374788367333147 -1.5273066050426836 2.1641155121935554 84 62 49 0.26824130129931401 29 31 24 29 25 24 20 18 19 16 15 25 28 67
1119 3.313456991207719 -1.5402384726740359 2.8107605653544692 162 106 83 0.22641888138416935 29 37 24 38 21 40 25 87 20 36 19 56 12 25 9 66 11 74 18 76 13 29 15 37 14 35 6 24 8 22
1120 3.0877370819710968 -0.99644553589529983 1.9618333655410478 207 109 106 0.070365414876097043 27 59 24 47 20 44 9 33 11 45
1121 2.7739146167770956 1.3959762289636983 3.4765694012853716 255 255 255 0.10148044172058833 29 55 24 59 21 57
1122 3.0240944483152572 -2.1844156314929668 2.218851967111275 184 146 122 0.3221042093682655 28 55 24 62 25 110 23 117
1123 2.9206370684382645 -1.5716922204884007 2.2031074743368793 77 46 34 0.44419390282221072 22 87 24 69 6 67 8 46 14 24 3 62 4 21 1 23
1124 3.1950356370647048 -1.4262162768913191 1.8142996925286252 178 126 98 0.14666902399075829 31 106 24 77 26 70 20 73 19 28 12 22 9 23 11 30 13 25
1125 3.0435192877775616 -1.1577769908800324 1.8951635762440397 234 185 169 0.17255050225182375 22 113 24 84 26 34
1127 3.8986732815047325 1.4945585932222778 1.8871423644923297 77 64 51 1.296787696101805 40 124 42 128 24 95
1129 3.3193320587042559 -1.5120783818886347 2.8592424440044173 206 135 116 1.4857569375600839 28 74 24 115 21 116 25 128 26 103 20 131 19 116 9 130
1131 3.0749318412996129 -0.94141580680373937 1.9819366304641439 183 106 93 0.20082620765341 30 187 24 158 21 153 25 190 23 139 20 140 19 120 12 114
1132 4.3392779412278308 -0.069524706783778367 1.8514682178861939 227 179 140 0.61629020945245927 28 153 24 163 21 159 25 165 24 212 23 145 20 147
1133 2.7417178515592231 1.2940347574481901 3.3821942913384095 54 41 33 0.75312029375591405 28 162 24 168 21 191 25 195 26 185 23 195 19 191 17 279 7 296 16 271 10 243 4 245 1 210
1134 3.2961688615679017 -1.6316722066828662 2.7799360548210905 224 173 146 0.32998428459467977 29 196 24 186 21 201 25 203 26 179 23 186 20 179 19 181 20 197 12 179 9 191 11 214 18 223 13 224 15 219 14 227 8 228 6 253 2 281 3 241 17 283 7 301 16 282 10 288 4 283 1 288 5 309
1135 3.0254360501926629 -1.2659474426097104 1.8480702315626345 212 156 134 0.14467739975443741 28 199 24 187 21 184 25 155 26 125
1136 2.6247147861944669 1.3368789431164838 3.0732896499456657 35 30 29 0.12280986725713113 28 164 24 196 21 192
1137 3.4547184473132235 -1.9455950824775121 1.6147221525740518 224 185 158 0.45896247846511212 28 206 24 199 21 175
1138 3.2083742325274858 -0.75677017837988281 1.9986760162367163 229 177 153 0.33135066094552384 28 219 24 209 21 206 25 211 26 169 23 171 20 142
1139 2.8836537128764248 -1.6628185407114588 2.1820396020912174 212 166 145 0.094691273901904127 28 210 24 220 21 209 25 219
1140 3.3767716251220778 -0.29581192194031908 2.57718510630577 219 168 128 0.1781758713621088 28 221 24 228 21 220 25 227 26 207 23 216 20 206 19 187 12 186 9 197 11 223 18 233 13 232 15 230 14 237 3 228
1142 4.3244370347614494 1.4153177507190031 1.6191509550471748 221 165 126 1.0349001043475183 22 253 24 246 21 222 29 251 25 230 26 212 20 210 12 168
1143 3.5225037846345719 -1.4418964207058911 1.8258705165971172 234 182 147 1.8630777548439785 28 268 21 265 25 265 24 264 26 237
1144 4.2575290099350056 -0.24988664808858541 2.0748469765783564 255 255 255 1.5105399916187943 28 262 24 267 21 259 20 234
1146 2.9545313792470123 -1.5012410423746336 2.1368473471111775 184 141 120 1.6803001879441295 32 56 41 51 40 100 31 35 30 46 22 43 29 81 24 74 35 70 32 113 41 97 40 41 37 97 36 99 31 105 30 107 27 46 22 97 29 80 28 70 21 73 25 30 25 77 26 63 23 60 20 19 20 68 19 19 19 50 12 18 9 18 9 62 11 24 11 70 18 27 18 67 15 27 15 72 6 15 2 36 17 26
1147 2.9795352117165717 -2.1374913227889301 2.1592816420805527 201 154 129 0.090176329386080153 24 3 21 4 23 4 20 4
1148 3.3299392562478878 -1.4898623720197237 1.7009259556075327 190 142 115 0.12129064552597921 28 26 21 29 25 23 26 20
1149 3.0154011057340999 -1.0076827728334541 2.0781888195091933 187 97 92 0.21409492576649955 29 46 21 48 25 46 23 41 9 32 14 43
1150 4.0713516849475573 0.065602154134447518 1.8464483940530061 27 23 20 0.16874596627478722 24 51 21 50
1151 3.9907902381523797 0.21423702227203473 1.8210080237070407 37 31 28 1.4095202866574763 24 53 21 53 23 44
1152 2.7935320870705174 1.2208684863026791 3.4715550078279014 35 22 17 1.5558319508474596 24 58 21 56 20 112 12 121 13 96 11 54 15 53 14 92 6 90 3 133 17 53 7 120
1153 3.096497131846661 -1.5949348263001173 1.7410283438430771 121 83 63 0.19234403949915049 24 65 21 63 25 65 26 55 20 9 19 9
1154 3.3033149648888007 -1.5850075102987931 2.7246864656383929 102 43 27 0.59633184527288285 24 37 21 80 25 124 26 99 19 114 12 137 9 156 11 178 18 182 13 185 15 179 14 141
1155 3.9879749911717401 -1.3125668893572597 1.8679963937817381 217 144 120 0.23902884174750713 28 108 21 87 26 37 23 39
1156 2.9881986814144108 -1.9043162369475124 2.4069762082127002 176 139 116 0.0059279851218241864 24 102 21 104
1157 3.8886872041539338 -1.5265489678924149 1.788284866598421 240 188 164 0.065407261392231922 24 109 21 112 25 83
1158 2.7082635659078456 1.3482875192409356 3.3007798468079423 50 75 41 0.38136495108148288 24 132 21 128 25 176 21 168 26 149 23 154 20 170 19 154 12 149 9 164 11 187 18 195 13 217 15 214 14 222 6 242 8 220 2 277 3 232 17 280 7 299 16 276 10 278 4 277 1 251 5 275
1159 3.2849409223998891 -2.2913714552909226 1.8437819729046432 65 51 32 0.1530616707307966 28 124 21 129 29 143
1160 3.252972010207591 -1.444347131311317 2.7141382274183994 162 93 70 0.25811234805009098 24 147 21 143 25 157 26 128 23 166 20 162 19 142
1162 3.8933173529869043 -0.61890027103046452 2.2051805703553575 207 162 120 0.4481448777119737 24 159 21 156 25 163
1163 4.2190129964431042 -0.076468924574741429 1.8423094644809257 226 179 140 0.78734440968636232 24 162 21 158 26 140
1165 2.8755374086629448 -1.6776502642851208 2.0596785038260625 137 96 74 0.21928021940442091 24 200 21 196 26 173 20 175 19 155 12 154 9 168 11 189 18 201 13 200 8 202 10 227 4 224
1166 3.1825663465311052 -1.5715346749995405 1.6989145377755186 199 153 126 0.57146408763274414 24 201 21 198 25 198 26 174 23 178 20 177 19 158 12 157 9 171 11 171 18 179 13 181 15 141 14 99 8 50
1167 3.1833848118168953 -1.5688404100348949 1.6988459551257371 199 153 126 0.10394240818630293 24 202 21 199 25 199 26 175 23 179
1168 3.5291415589708124 -1.4777538185127843 1.760346281893262 229 184 151 0.63285793135789448 24 257 21 231 25 243 21 246 26 195 23 185
1169 3.0708226482239813 -0.30874400668585783 3.2552549154076016 19 15 13 0.8325285493568706 24 261 21 238 25 260 26 251
1170 3.206612939271265 -2.0679864571933853 1.7239318094235863 237 188 161 0.35279518418953981 24 254 21 243 25 240 26 222
1171 3.3057330486253673 -1.5007103093891845 2.7980741242449669 159 95 74 1.1292924312805104 24 259 21 248 25 256 26 246 23 246 20 242 19 225 12 209 9 235 11 256 18 273
1172 3.0172386159876528 -1.161490226981265 1.905987139226416 227 175 162 0.49810947140791212 29 135 24 120 21 121 48 233 49 229 50 155 45 205 46 242 47 289 44 255 43 239 39 220 38 229 33 221 34 208 35 206 32 204 42 194 41 190 40 177 37 175 36 182 31 183 30 183 27 176 29 161 24 151 25 96 25 159 26 79 26 131 23 38
1173 3.0984189709378813 -2.2044524567358206 1.9036780299749612 90 65 44 0.16736993921087379 21 60 25 0 23 51 20 0
1174 3.3380635683890394 -1.5103424834099339 2.7683667747386771 202 143 120 0.37203724883788081 21 41 25 36 26 102 23 94 20 100 19 91 12 79 9 101 11 100 18 107 13 114 15 116 14 108 6 114 8 99 2 94 3 72 17 73 7 43 16 32
1175 2.9623854844809179 -1.1643579729776734 1.9345778150049615 153 97 87 0.25292383729502871 24 44 25 41 26 33 23 72 20 79 19 32 12 57 9 69 11 75 18 78 13 76 15 38 14 37 6 77 8 24 2 48 3 30 17 35 7 52 16 35 10 36 1 47
1176 3.4273907517781801 -2.0361468749905973 1.6206148110939951 212 167 140 0.45111543521581904 21 102 25 63 26 3
1177 2.9137887485199294 -1.7160049211795609 2.3102867510854677 193 155 135 0.15614991422036906 21 11 25 64 26 54 23 56 19 83 12 72 9 91 11 92 18 101 13 102 15 103 14 97 6 102 2 120 3 107 17 118 7 134 16 121 10 119 4 118 5 145
1180 3.2870548123606893 -1.4381872657191008 2.8055587155323014 173 104 85 0.24981983690520343 24 45 25 97 20 105 19 94 12 82 9 104 11 137
1182 2.5983517090566215 1.1833492752773724 3.5982442074470842 255 255 255 0.17761003881675352 37 122 25 106
1183 2.9991957954717177 -1.9772492609029628 2.4063530288392849 175 137 116 0.21314481585342515 21 62 25 113 26 90 23 82 20 93 19 81 12 93 9 122 11 126 18 133 13 139 15 138 14 131 6 208 17 219 7 177 16 165 1 165
1184 3.1286557002956976 -1.7867289446537356 2.5847074148153171 132 104 84 0.19740437886671672 21 106 25 115 26 121 23 120 20 119 19 140 12 134 9 154 11 170 18 178 13 180 15 176 14 184 6 227 8 183 2 249 3 213 17 246 7 265 16 221 10 253 4 222 1 227 5 255
1185 3.3064626753242568 -1.5836457002105135 2.7259212743908812 99 41 25 0.2747887782760407 21 79 25 123 26 98 23 128 20 128 19 113 12 136 9 155 11 177 18 181
1186 3.3369981764168481 -1.620671772504154 2.8700309225118046 191 119 98 1.1000968586959805 21 113 25 125 23 130 25 154
1187 2.9881638258195307 -1.9862463052909134 2.3705335633811502 155 115 91 0.5540905125677088 21 103 25 148 26 120 23 119 20 117 19 106 12 91 9 120 11 169 18 177
1188 3.3552282275655267 -0.43197679645065412 3.1647570180529172 13 9 8 0.32181805901668453 21 157 25 164 20 145 9 139
1190 2.5738384469951399 1.09246333277604 3.9554194091880803 198 145 109 0.39590813627430793 21 164 25 193
1191 3.2329891995165334 -1.5038614814005882 2.6704018723336467 225 182 153 0.43884513729347885 21 202 25 205 26 180 23 187 20 180 19 161 12 160 9 193 11 215 18 225 13 226 15 221 14 228 6 254 8 229 2 282 3 242 17 286 7 304 16 284 10 291 4 285 1 264 4 257 5 287
1193 2.6446399536726823 1.3252616388217404 3.4849287112707374 184 142 117 1.0014325293466924 21 240 25 250 26 235 23 230 20 224 19 207 12 196 9 211 11 229 18 237 13 218
1194 3.0327594325094842 -1.4878334855645796 1.9008855998461587 246 201 176 1.0961973461091379 21 257 25 264 26 245 23 245 20 228 23 235 19 210 12 201 9 214 11 235 18 243 13 239 15 242 14 226 6 252 8 227 3 238
1195 4.0284850085256929 -0.16460505576951848 2.1265314695508013 13 11 7 2.0260987398284525 25 269 23 249 12 213
1196 2.6282215944603595 1.0545892223631221 3.9233400067349691 188 139 102 1.8036800937614013 21 273 24 278 25 279 26 258
1197 3.6783661964518566 1.7218330778889117 1.9077690288458891 60 59 59 0.6225221734368187 41 209 36 231 27 191 22 182 25 56 22 157 24 96
1198 2.9289137073441349 -1.5833444374821199 2.0759042910151271 103 59 40 1.6065222988062158 27 30 24 13 21 14 25 67 35 59 32 42 40 26 37 30 27 27 22 21 28 11 24 66 21 13 26 56 23 12 20 10 20 60 19 13 19 44 12 10 9 55 18 22 15 21 14 23 14 64 6 12 2 28 3 15 16 24
1199 2.9471130867012878 -1.5712057112794224 2.081710960896368 99 73 60 0.25013795068854111 32 44 37 35 36 85 30 36 27 89 22 84 29 71 24 67 21 66 25 68 26 57 23 57 20 62 19 45 12 40 9 56 11 63 18 63 13 60 15 68 14 65 6 68 8 47 2 83 3 63 7 86 4 23 1 25 5 36
1200 2.9467475399508949 -1.5706756746085582 2.0814197007001987 99 73 60 0.18424136923173529 32 45 37 36 36 86 30 37 27 90 22 85 29 72 24 68 21 67 25 69 26 58 23 58 20 63 19 46 12 41 9 57 11 64 18 64 13 61 15 69 14 66 6 69 8 48 2 84 3 64 7 87 4 24 1 26
1201 4.1121674513512598 1.8190772299110203 1.6794985798002473 216 161 126 0.78590850807704815 24 172 21 170 25 178 46 328 44 287 43 322 39 248 38 343 33 243 33 328 34 262 32 225 42 215 41 213 40 192 37 194 36 211 31 205 30 204 27 190 29 184 24 133 23 114
1202 2.9115953552707921 -1.5796355555970705 2.2179631245407117 138 97 75 0.17934564025917293 21 25 26 9 23 16 12 15 8 12
1203 3.2394445417503852 -1.6920489068435021 2.7502389903397066 141 72 53 0.24145712745617998 25 35 26 28 23 31 19 26 12 19 11 26
1204 2.7245816697906959 0.45591231975658031 3.3055923246791741 32 17 11 2.0458321458082063 35 244 26 41
1205 2.9758105976867393 -1.1628790694551807 1.9097036294385872 140 77 67 0.35833885811620125 25 132 26 76 23 71 20 39
1206 2.9970210677009521 -1.9074660210325005 2.4161801505639104 174 137 114 0.31288867758221656 25 114 26 91 23 83 20 94 19 82 12 71 9 89 11 90 18 100 13 56 15 101 14 95 6 97 8 82 2 69 3 56 17 62 7 79 16 67 10 67 4 62 1 73 5 82
1208 3.3704415426122769 -1.1374592484060948 2.6995725016084027 192 143 112 0.20442990201774669 25 103 26 113 23 140 20 141
1209 4.0846625600745314 -0.27512935415702489 2.1647607909616484 40 34 32 1.5137381323732435 24 49 26 116
1210 3.0468182529440648 -2.1840522846986521 2.352108753934929 158 124 100 0.85210314623207606 25 147 26 119 20 155 23 118 19 137 12 129 9 151 9 167 11 188 18 200 13 198 15 197 6 224 3 209 7 231 16 212
1212 3.312558647135698 -1.3424953306009093 2.7022775566344754 212 158 136 0.58930721853403079 25 161 26 132 23 135 20 166 19 146 12 163 9 180 11 217 18 226 11 197
1213 4.1250107746937541 1.5695704987682859 1.6731818747164733 222 170 133 0.33961181913938437 24 166 26 145 23 151
1214 3.4046027156535921 -1.2972857157129056 2.7354626249104612 116 81 64 0.74355020982178188 25 162 26 167 23 190 20 200 23 211 19 185 12 191 9 216
1216 3.6508620811528294 1.7974717880666671 1.9414876564169838 13 11 9 0.41233421875110965 25 214 26 187 19 170
1217 3.2303729389045523 -1.5034723730151109 2.6168510084913263 176 127 101 1.054661419579886 25 204 23 162 20 161 19 160 12 159 9 176 11 193 18 208
1218 2.4193533097305022 1.4415307578004952 3.2305065403782129 255 255 255 0.55543323514226672 21 224 25 215 26 220
1219 3.3711422191243381 -1.9973215533521214 1.6151335466508607 199 151 126 0.82939577068134129 25 254 26 223 23 201 12 130 11 60 18 14
1220 3.1985946109839025 -0.94235449818812245 1.9187687307044052 234 189 161 1.4668740564710565 25 258 26 228 23 226 20 222 19 186 12 184 11 201
1221 3.3514726945123194 -0.9054036094210598 2.6116577564573991 196 150 113 0.34137428936043618 21 219 25 226 26 230 23 227 20 223 26 206 19 215
1222 3.4189509377777894 -0.44886177671259231 3.4285315899119904 255 255 255 0.0085496252256080131 25 249 26 231
1223 3.2204531514751737 -0.34815497034691967 3.3862970262476826 20 15 14 1.2520134909248302 25 229 26 232 23 194
1225 3.6102600349604708 1.7686821472314731 2.0434667116268233 9 6 5 0.32180651546070432 21 275 26 260 12 227
1226 3.0166459343558745 -2.1757306985915874 2.2047822752999555 190 151 128 0.61678984609607179 21 3 23 3 20 3 9 3 11 3 3 1
1229 3.2273109577598471 -1.7055713078844461 2.7558637192346072 218 155 131 0.14067329495257275 26 26 23 30 20 72
1230 3.3369309918014527 -1.5825499728565247 2.7671564086207421 202 158 134 0.30746584499461116 21 38 23 66 20 35 12 55
1231 3.3161983347719728 -1.5659311873200104 2.8617821083743413 207 133 111 1.1335754771251236 24 79 26 101 23 92 20 99 12 78 11 135
1233 3.2574237307106477 -1.408414236318948 2.6943162987565499 221 167 142 0.12189140948562827 26 109 23 99 20 104 19 93 12 80 9 103 11 104
1235 3.2635025086486507 -1.4108271628335001 2.6975924643029829 221 167 142 0.11984933089860486 26 130 23 133 20 134 19 118 12 107
1237 2.8200632304003812 -0.13002141676833892 3.8098729362646218 187 134 107 1.4828033745714495 28 154 23 146
1238 2.7790767099852913 1.1244320495610889 3.4212792631854172 8 4 2 0.63559372494152577 25 170 23 150 19 153 12 119 11 156 18 161 14 169 6 187 8 166 2 200
1239 3.1784786238059013 -2.3182634957392572 2.2771245953344517 69 51 34 0.88409439184212335 21 130 23 158 20 89 19 104 12 89 9 115 11 166 18 199 15 133 14 122 6 146 3 137
1240 3.2671599189964509 -2.1557349704923507 2.6326432254410932 60 43 28 1.0056111063005864 25 149 23 159 20 156 12 131
1241 3.6798112191699532 1.7652228054886434 1.8925476232206511 255 255 255 1.1117671771315654 26 186 23 174 20 171 19 129 12 124 9 147 11 158 18 169 15 171
1242 3.2414926168160765 -2.1985326700779506 1.7671144420075529 77 58 37 0.46119024789135632 26 191 23 176 20 154 19 136
1243 3.3143453808180818 -1.7132265891991543 2.8169450432818977 161 85 64 0.16395985675895178 26 196 23 207 20 196
1244 2.6847616062724486 1.3364978728523231 3.4149789867113673 30 20 16 1.3126415897436337 19 194 12 197 9 212 11 243 18 255 13 246 15 250 14 250 6 280 8 249 2 310 3 275 17 305 7 333 16 302 10 309 4 278 10 279
1245 3.0302396996919541 -1.4062780132763064 2.492143836219491 174 126 99 0.32397332196285566 26 200 23 223 20 229 19 211
1246 3.9605393609096624 -0.19089779510869745 2.2063010914853858 225 183 140 1.7267478874716398 26 210 23 229 20 208 19 189
1247 3.5753504185905514 1.7892828766643434 1.9758980712917511 9 8 6 1.7223689833831572 25 273 23 251 20 235 19 218 12 207 9 219 11 244 18 256
1248 3.2503059211072278 -1.0442531387773235 2.6006864152632772 160 112 78 0.39867096064644708 26 247 23 255 20 257
1249 3.2035571209349794 -1.4939972296014499 1.7620224221100271 120 73 57 1.564211858701497 25 281 23 258 20 256 19 237 12 218 9 234 11 260 18 262 13 260 14 255 6 271 8 242 3 217 2 231 17 129
1250 3.6452455764817526 -1.5748724112814554 1.6392549019081135 255 255 255 1.7665363623653958 26 254 9 190 11 213 23 259 18 206 13 111
1251 3.1605833808299768 -1.5078254011141345 1.8300960284745658 143 104 84 1.7887159179080265 37 89 30 38 27 36 22 31 29 26 28 24 24 24 40 32 31 27 21 27 25 20 23 21 23 22 25 18 26 14 19 15
1252 4.1807976872801245 1.4664239587030363 1.6523927906250222 255 255 255 1.2588255141145483 29 241 28 187 24 214 23 148 47 422 43 385 49 318 50 372 45 337 46 365 47 320 44 369 33 238 34 258 32 220 42 210 41 205 29 175 22 179 24 127 21 162 25 168 26 143 23 109 19 72 19 126 9 46
1254 3.275677638397124 -1.5399970124277322 2.685519312572862 224 177 147 0.72711573082855085 26 100 23 129 20 160
1255 2.9749249905141606 -1.5365326779949942 2.0725197992006339 76 46 36 0.26918245107645788 32 50 42 49 41 48 36 43 31 95 27 94 22 89 28 64 24 71 25 73 20 66 19 48 12 43 9 59 11 66 15 24 14 26 8 14
1256 2.9854124038914618 -1.9215587619798462 2.4138554177294136 139 103 83 1.7222923198730997 23 9 20 5 19 6 12 8 9 7 11 13 18 15 15 12 14 13 8 5 2 11 2 12 3 11 17 13 17 14 7 19 4 10 5 18
1257 2.8956110690107759 -1.6614441236455786 1.9779695713267129 153 111 87 0.05072837416049996 28 10 20 7 12 9 15 17
1258 3.0663069077936176 -0.97122822869717473 2.3404933310221421 167 123 104 0.1587919160079817 23 42 20 48 12 31 9 39 11 81 18 85 13 84 15 91 14 47 6 82 8 66 2 54 3 84 17 91 7 60 16 40 10 94 4 46
1259 2.7116023870457924 0.016946100304238234 1.8745611274908396 0 0 0 0.039741186322062465 21 51 28 47
1260 2.795309105054665 1.2151124012746612 3.4559971683884614 52 38 30 0.38319045195712775 25 54 20 54 12 36 9 49 11 53 18 57 13 49 15 54 14 91 6 47 8 40 2 110 3 97 17 99 7 119 16 106 10 107 4 106 1 57
1261 3.069689020400713 -1.9925599095032349 2.5124241061372614 116 89 69 1.0893530023237137 23 55 20 59 19 43 12 39 9 54 11 62 18 99 13 101 15 63 14 61 6 58 2 68 3 53 17 60 17 61 7 76 16 61 16 63 10 62 4 7 1 68 5 14 5 78
1262 2.9103501825402041 -1.5864485096334271 2.187800802765731 156 111 91 0.26726556477289942 25 12 20 61 11 20 18 23 13 15 14 22 2 27 3 14 17 24 16 22 10 19
1263 3.1969525251424837 -1.6858735656976611 2.6764073492288869 115 78 59 0.51990136630009676 23 64 20 71 19 89 9 97 14 137
1264 3.3161666700291863 -1.5317920285896343 2.7773937342963211 157 101 83 0.34050283054091701 23 67 20 75 19 57 9 67
1265 4.0124147495037832 -0.24259943196995415 2.1404647571594442 37 33 31 1.5596270285418286 23 108 20 84 19 123
1266 3.8538735222394407 0.62999074591708004 1.6943367782471697 221 175 132 1.5186036031577572 23 79 20 86 19 70 12 35 11 154 18 160 13 167
1267 1.9393134934566569 0.55642439928023202 1.3977807371921949 167 122 85 1.3550907851193768 37 184 20 87
1269 3.028350794278575 -1.0150284132079139 2.1615715125535577 205 145 126 0.13290488392632541 25 139 20 109 19 98 11 110 13 123
1270 2.979884782206355 -1.2914906865153857 2.0511759115494095 192 141 120 0.23341030465438223 21 115 20 130 12 105 11 136 18 143 13 145 15 147 14 143 6 115 14 107 8 139 2 131 2 177 3 155 17 135 7 147 16 131 10 129 4 128 1 132 5 155
1271 3.1474673076481028 -0.97173937257811127 1.9428542728322853 211 114 108 0.16266359873559047 26 135 20 139 9 110 11 112
1272 3.5258236355604113 -0.45646497949575288 3.3026132150177503 8 6 4 0.28554655335721507 23 143 20 146 19 121 11 151
1273 2.6968566209467646 1.3863012967458253 3.4164656936476705 255 255 255 0.21722953223602501 23 155 20 150 13 97
1274 3.1755092052858513 -1.6542357307973394 1.6796276541332438 236 192 170 0.91878405724709 26 156 20 157 29 191 19 139 12 133 9 123 11 93 13 103 15 67 14 18
1275 3.2432282142363422 -1.5868683910874546 1.6671300746676341 221 174 145 1.6166451080024746 23 180 20 158 19 107 12 97 9 124 11 94 18 65 9 93 13 62 15 22 6 13 2 35 8 88 3 18
1276 3.2521568711024571 -1.3745004854925498 2.6565015642054504 178 129 104 0.28622522963667596 23 169 26 166 20 165 19 145 12 141 9 159 18 187 13 187 15 182 14 190 6 232 8 209 2 259 3 220 17 258 7 276 16 255 10 262 4 261 1 270 5 290
1277 3.7367220406036168 1.7778130588225254 1.9056103968629561 255 255 255 0.46201141803998919 23 175 20 172 19 130 12 125
1278 2.6331651910955292 1.3394910280351076 3.0770922964420819 33 26 25 0.48522970562547646 23 196 30 76 20 186 19 168 12 170 9 185 11 206 18 218 13 215 15 211 15 236 14 220 6 240 8 217 2 275 3 259 7 297 16 272 10 276 4 275 1 282 1 304 5 301
1280 2.5678717154977644 1.2031512570652645 3.6044009190978539 255 255 255 0.3295367368408072 24 233 20 212
1281 3.0580326914567326 -1.1855689982839435 2.5126656551022313 191 144 121 0.39153512853618483 26 183 20 219 19 214
1282 3.5412197480984338 -0.68754337988735448 2.2212346440688902 228 191 154 0.90181190698130309 20 233 19 217 12 206 9 209 11 241 18 247 13 231 15 208 14 197
1285 2.9372062398689556 -1.2329490460161645 1.9971921148461016 203 151 131 0.35299008327728582 21 186 25 187 26 162 23 163 20 181 25 206 26 181 23 188 19 162 12 161 9 177 18 210 13 205 14 209 8 207 3 219 17 259 10 265 4 264 5 292
1286 3.3100324574903865 -2.1109425822375267 1.6870885925299219 206 158 134 0.97837472684815907 20 58 19 2 12 5 9 4 11 5
1287 3.0578381655017624 -2.1054066588888571 2.4264318401114142 125 95 72 0.179635235713519 23 7 19 3 12 6 9 5 11 9 18 5 13 1 15 1 14 4
1288 3.0481323528619506 -2.0666092662706896 2.4377519903043257 99 71 50 0.45173358873162262 26 4 19 5 14 127 18 130 6 150 2 161 3 143 17 162 7 175 16 162 10 160 4 155 1 163 5 181
1289 3.1406455868520657 -2.012757684706818 2.5990763748696155 51 30 15 0.34961695086905498 20 6 19 7
1291 3.0590840937473907 -0.9755774710973667 2.3243827087709192 193 150 132 0.21023003376119309 20 47 19 35 12 30 9 38 11 49 18 49 13 41 15 45 14 46 6 35 8 31 3 38 1 51 5 65
1292 3.1197835375658656 -2.2597750909130441 2.3244368494108052 146 116 93 0.19349091111543151 20 2 19 42 23 2 12 2 9 2 11 2 18 0
1293 2.9679825568816942 -1.5582696585338285 2.0889973556918426 0 0 0 0.1040134757199635 23 17 26 10 25 15
1294 3.3029257776428529 -1.5839591957658878 2.7771247523986351 160 102 78 0.22141732444780252 20 74 19 55 12 54 9 65 11 36 18 35 13 27
1295 3.0988021959763019 -1.2090314412102192 1.8608234911312584 231 182 157 0.61263000816218671 20 37 23 96 19 59
1296 2.9965869660040001 -1.9753787131751275 2.4062551938898076 176 138 118 0.21027231029287349 20 92 19 80 12 92 9 121 11 125 18 132 13 138 15 137 14 130 6 207 8 123 2 162 3 144 17 218 7 176 16 164 10 164 4 158 1 164
1297 3.2829442421725696 -1.3895388740934371 2.7824672898481904 210 149 130 0.10702282863472497 20 106 19 95 12 83 9 106 11 106
1298 3.2359339908677303 -1.7013079029344329 2.7247625835273541 216 154 136 0.21291937239216496 20 125 19 111 12 101 9 127 11 130 18 137 13 142 15 144 14 136 6 151 8 130 3 146 17 168 7 185
1300 3.3070699438030871 -2.231662749633359 2.6212948462883277 75 58 43 0.27527180496870551 20 116 19 138
1301 3.1174778446334521 -0.3515602237706259 3.3330090276110402 19 12 9 0.023562975266799364 20 168 19 151
1302 2.9220050547748775 -0.25007669836023405 3.7532543275605428 204 154 119 0.75107594144572076 20 169 21 190 19 152
1303 3.1169544346454705 -1.8324844157980231 2.5700372164601526 102 77 58 0.260195750591526 20 176 19 156 12 155 9 169 11 190 18 202 13 201 15 199 14 205 6 226 8 203 2 248 17 244 16 242 10 252 4 251 1 257 5 279
1304 3.2771381757120635 -1.6294834740927426 1.6576707050073158 143 107 81 0.58100046927197524 20 192 19 157 12 156 9 170
1305 3.4278205709475933 -1.8176043439987652 1.6473268002162402 226 176 148 1.0462027340684312 20 218 19 177 12 175
1306 2.7206079184425267 1.4973142091474398 2.6230651272930419 8 7 5 0.20945062859327626 26 217 19 196
1309 3.0199570910098177 -1.3916436487766877 2.4841631847942387 175 128 101 0.68341562248433718 20 241 19 223 12 208 9 223 11 261 18 274 13 268 15 275 14 280 6 298 8 272 2 334 3 289 17 342 7 375 16 347 10 348 4 345 1 348 5 374
1310 3.0954365559986949 -1.0742805139898937 2.4500637135421086 193 149 129 0.93410081934263967 19 226 12 210 9 236 11 262 9 225 18 276 13 270 15 276 14 281 6 301 8 275 2 342 6 309 3 299 17 354 7 388 16 357 10 361 4 356 1 361 5 385
1313 3.0165208637173135 -1.3207058404467908 1.8729952857811183 240 188 166 1.0419297842138471 20 249 23 254 19 234 12 219 9 221 11 254 18 263 13 249
1314 3.0233696428830803 -1.3198192777913584 1.8729341583162569 240 188 166 0.60597233229040692 20 250 19 235 12 220 9 222 11 255 18 264 13 250 15 251
1315 3.0218082970483722 -1.6697959953124761 1.8506534096291498 238 195 169 1.7921386765432992 20 255 19 236 12 223 9 240 9 233
1316 3.4458328569769217 -0.61101874542880275 2.8046113788270262 177 132 93 1.2924275436681527 23 260 19 240 12 226 9 245
1317 3.2239576651483182 -2.1118319492776503 1.7159279684313153 199 152 128 0.2757086707808733 20 90 12 3
1318 2.910342911210329 -1.5873447357932735 2.1262988431120098 183 134 111 0.72990737609072065 24 15 12 12 9 12 7 33
1319 3.3018462243204532 -1.4550787867514354 2.8387061888834664 216 146 127 0.22028807712460036 20 40 12 27
1320 4.1704688113666322 -0.015923957193958133 1.885135863155589 14 12 11 0.17006064703224844 25 49 12 33
1322 3.0825036844861615 -1.4933704260100777 1.8660548057743844 212 175 150 0.71497362720608448 19 49 12 49 18 28
1323 3.1993263151937921 -0.75566659462650254 1.9962567871260399 229 177 153 0.19505145501671642 19 100 12 64 9 76 11 50
1324 3.0479843947102205 -2.221909294773508 2.2138303584287526 115 86 64 0.38469088670202167 19 79 12 69 9 85 11 86 18 93
1326 2.7757789294059072 1.2123105729699137 3.5111713790171444 89 66 52 0.27579912118621569 19 101 12 88 9 144 12 120 11 157 18 162 15 168
1327 3.2624613237849638 -1.5254132383125094 1.6945660080072351 147 100 74 0.09338115832669025 20 121 12 98 11 69
1328 2.9766405943741239 -1.1743397398048956 1.979794978385288 158 110 101 0.053131037975056916 20 133 12 108 13 149
1329 3.6445071961547981 -0.56300026445161444 3.062055036851675 193 146 106 0.84093322597784925 20 144 12 145
1330 3.9153930492959872 -0.180355904597363 2.1769231558303459 226 182 142 1.3013406303152177 19 166 12 167 9 183
1331 3.0337363568418598 -1.9173777507330181 2.4820751849078069 118 85 64 0.2278306141620858 19 176 12 174 9 204 11 232 18 240 13 237 15 240 14 244 6 270 8 241 2 314 3 265 17 310 7 335 16 308 10 310 4 307 1 313 5 333
1333 3.2374056625807963 -0.7522561726834569 2.0780805151850683 164 110 89 1.4774326378527662 19 227 12 204 9 217 11 247 18 252 13 256 15 255 14 260 2 328 3 286 17 337 7 368 16 343 10 343 4 334 1 340 5 368
1334 3.2419178151228825 -1.8650618567854635 2.6762899868109287 78 57 41 0.78103286211542577 20 248 12 224 9 241
1335 3.3267686799688958 -1.5024325170205202 2.7956755525660109 148 79 56 1.0418770153354027 26 32 19 30 12 26 26 104 23 95 20 101 11 101 19 117 18 108 13 115 15 148 14 36 6 73 8 98
1336 2.7149315076611131 0.92076384464839467 3.3660263621360267 6 4 2 1.2416489641837691 19 125 12 118 30 71 29 171 23 81 20 88 2 198 3 179 17 200 7 217 4 196 1 203
1338 2.5316567928559088 1.3860629752863418 3.5067400751973854 204 159 128 1.2924297154911333 28 225 24 235 26 215 23 220 20 226 36 205 30 198 27 188 22 181 29 181 28 166 29 182 24 170 21 194 21 195 24 60 25 57 25 179 26 45 26 46 23 115 23 116 20 188 19 171 12 126 24 216 25 213 9 187 9 202 11 209 13 175 13 219 15 175 14 181 6 196 8 176 2 211 3 189 17 213
1341 3.2815325831451378 -1.5964165997023079 2.7181787430560593 85 23 9 0.6691927238007267 20 32 9 26 11 34 18 74 13 72 15 80 6 111 8 94 1 27
1342 3.0681025724761293 -1.332504814144418 1.859961050131846 229 180 157 0.97658004979878354 12 76 9 27
1343 3.2892086181666063 -1.4022787784304556 2.8140216666728284 216 147 130 0.16213495054196661 20 41 9 29 11 40
1344 3.2892086181666063 -1.4022787784304556 2.8140216666728284 216 147 130 0.16213495054196661 20 42 9 30 11 41
1345 3.1313954891458411 -1.0306644820471382 1.9165398445210708 197 105 99 0.074138593249272036 19 62 9 31 11 43 18 44
1346 3.3498185021296081 0.0072370433773175161 2.3230556560434299 26 17 14 1.1633843227935414 31 55 18 54 14 52 9 41
1347 3.9042881855600795 0.61122323997235473 1.7148202001721089 20 12 9 0.81839166025245225 19 69 9 44 18 159 13 166 15 166
1348 2.7225947985712136 0.70939147971943695 3.3181836469980106 8 4 4 1.7204042583059584 26 43 9 45 10 55
1349 2.6254340075420184 1.1353742424952602 3.6336412644134968 203 154 119 0.084647308945942704 19 74 9 48 14 90
1350 3.1532939631607757 -1.5579063760446914 2.5969615059937112 195 148 124 0.25839930854825099 12 23 9 64 11 73 18 72 13 112 15 112 14 102 6 156 14 140 8 92 8 136 2 229 3 150 17 226 7 242 16 228 10 173 4 228 1 237 5 259
1351 3.9327462334308483 -0.22707254984026104 2.1467515069152356 218 179 149 1.1110306892403234 19 36 9 82
1352 3.1236084939833115 -2.1512725028969766 1.8131172555268211 195 153 127 0.30384464960509777 12 70 9 86 11 58 18 1
1353 3.1466929172266771 -2.1093491131293569 2.5648223285047465 91 73 57 1.5744861779417663 12 7 9 88 11 11 18 9 13 3 15 58 14 9 14 94 18 97 6 1 6 95 8 1 8 81 2 4 2 5 3 2 3 50 17 56 7 5 7 131 16 58 10 6 10 58 4 57 1 62 1 63 5 76
1354 3.2516917809299004 -1.0365650032259091 1.8565956068647957 232 188 160 0.26312042356715953 12 112 9 109 11 78 18 82 13 38 15 42
1355 3.1612280188885498 -2.0494531624678647 1.7107487785905786 234 184 157 0.14885866420736735 20 173 9 118 11 88
1357 3.3671294611132168 -0.42341285401265588 3.3868127388239548 255 255 255 1.2287394397232194 20 205 9 163 11 152
1358 3.0290508526265847 -0.25889947731497737 3.3186297352079563 237 194 159 0.4874558993799859 12 195 19 206 20 209 9 210 11 242 18 248 13 244 15 248 14 249 6 286 8 248 3 278 2 320
1359 3.4963668713865683 1.7815806595523764 1.9940483270099381 8 7 5 1.4149760009108396 9 228 13 257 15 258 14 253
1360 3.1001070312236649 -1.9029627841379708 2.5589678513519329 112 86 68 0.10743743863690006 9 8 11 15 18 17 13 5 15 16
1362 2.6427102340990856 1.3415916581410638 3.1043643162617975 34 28 25 0.28346960700391916 19 77 11 85 8 75 2 113 3 136 16 110 4 110 1 112
1363 3.3979639435863502 -1.3227401364076969 2.7530292842792146 111 77 60 0.10846678494816488 9 70 11 107 18 147
1364 3.1849114468377966 -0.75526671344298157 2.0230510786482712 198 139 118 0.066461690821601055 9 112 11 115 18 116
1365 3.372820157908297 -0.76416804357538537 2.244093863024943 152 120 97 0.67509203894854575 11 116 18 117 13 130 15 160 14 160 6 178 8 158 2 192 3 173 17 194 7 162 16 144 10 146 4 140 1 145 5 121
1366 3.2394288400000688 -2.295111317057315 2.5241510191567067 53 39 24 0.79068186154910858 9 117 11 121 15 100 14 124 6 94 8 78 8 122 1 158 5 175
1367 3.2331927031941192 -1.664541504909969 2.6952323866159777 215 163 141 0.19212240973985464 12 103 11 132 10 230
1369 3.0732876821100876 -0.35236234722342269 3.328616144000752 19 12 8 1.1076004205535286 9 140 11 153 18 158 6 278
1370 4.1752191837103352 1.4985476893686167 1.6155138479106155 0 0 0 0.27371552928625853 24 270 26 253
1371 3.3314216148855014 -2.2031104811482738 2.655495818863181 83 65 51 0.97881868781512149 9 152 11 167 13 199 14 223
1372 2.980372191239494 -1.9820262754578029 2.3672660987928089 151 112 88 0.23855899106918405 12 90 19 105 11 168 18 176
1373 3.5770405994070305 -1.8894407590031532 2.8469556823231628 76 54 41 2.0187668557191136 9 94 11 172 18 203 13 183
1374 3.3137199997201332 -1.4798230627615585 1.7120886378562781 115 77 60 0.24011562635003805 9 172 11 175 18 141 13 110 15 113
1375 3.2821594919615418 -1.397957065912306 1.7755346395728453 232 179 148 0.22732301742958608 9 174 11 176 18 183
1376 4.184843263895929 -0.20686409393459201 2.0620990551311387 255 255 255 0.82421234566403445 19 204 11 225
1378 2.7534178617555649 -0.12144449544119947 3.5225420669572403 239 199 158 0.22820845803885118 9 239 11 265 18 280 13 274 15 281
1379 3.1271713892253139 -2.2422886408853744 2.4253297371219236 119 94 72 0.67040189320043464 11 4 18 3 13 0 6 51 14 56 8 42 2 65 17 105 16 53
1380 3.1008946596822522 -1.9034919761467244 2.5588919511969292 113 86 67 0.14727961727217959 11 14 18 16 13 4 15 15 14 14 6 7 17 15 10 14 4 12
1381 3.2249111271886775 -1.4546933705309144 1.7752093902650299 74 52 36 0.12188716164205 11 28 18 31 13 22 15 31 14 33
1382 3.2870437054435491 -1.619240741776699 2.7279264559684178 198 144 123 0.30061103321780169 11 32 18 32 13 24 15 76 14 31 6 72 8 53 2 91 3 66 17 71 7 95 16 82 10 77 4 73 1 82 5 93
1383 3.2599059490025453 -1.5933376910071975 2.6981347616076712 197 147 123 0.74480096060600975 12 24 18 33 13 70 15 78 14 70 6 109 8 54 3 67 3 113 17 128
1384 3.263296966350171 -1.5778930419197406 2.6841909205046099 174 121 95 0.11373393991756431 11 35 18 34 13 26 15 33 14 34 6 20 8 21 2 92 3 68 7 96 16 85 10 81 4 75 5 95
1385 3.321531936221032 -1.5915697267021225 2.7790115875883021 161 101 78 0.079374033596865498 11 37 18 36 13 28
1386 3.2765783746862551 -1.3759375213601885 2.7545620860252278 46 31 25 0.13843240351641964 12 28 18 42 13 35 15 39 14 38 6 28 8 23 3 28 17 32 7 46
1387 3.3208870908549941 -1.558514111498341 2.7196477541464201 174 116 97 0.27122900984306231 11 38 18 75 13 73 15 115 14 105 6 112 8 97 2 174 17 176 7 190 16 176 10 176 4 172 1 175 5 200
1388 3.0062530478820779 -2.1518283381367063 2.2227177561434615 161 116 91 0.6658346682195101 20 91 18 94 6 52
1389 3.1855837854854414 -2.092889057402608 1.7459164874336215 235 185 158 0.49729006710080781 11 122 18 95 13 51 14 3
1390 3.8764730827779541 -0.18442400825978172 2.1319227173184392 20 14 9 1.7070442931504772 18 120 13 95 15 96
1391 2.7540217015981954 1.0833322140817525 3.4170084980676871 80 58 47 0.35914238553124078 9 113 18 122 13 132 15 97 6 142 8 39 2 150 16 152 10 153 4 142 5 167
1392 2.9873809917372736 1.5904100403251691 2.349078227195228 255 255 255 0.64260647897875789 11 117 18 124 13 133 15 131 6 194 2 208 3 186
1394 3.0681308924494566 -2.2170837068334932 2.2311036511164843 165 128 104 1.4806188714790005 9 116 18 128 10 57 7 1 4 56 17 106
1395 3.2685565072326859 -1.6607457219419364 2.7259889971695586 107 43 27 0.28823603615161808 11 133 18 140 13 144 15 146 14 188 6 213 8 186 2 226 3 196 17 225 7 240 16 246 10 255 4 256 1 261 5 285
1397 3.4135978941764962 -0.47500132237859877 3.1127735137483117 201 155 121 0.23834438731568888 11 148 18 157 13 161
1398 2.6506080336287865 1.3295485514130252 3.1439164355389755 4 3 3 0.3114162367463254 9 145 18 167 15 169 14 173 6 192 8 172 2 204 3 184 17 209 7 220 10 210 4 204 5 233
1399 2.6506080336287865 1.3295485514130252 3.1439164355389755 4 3 3 0.3114162367463254 9 146 18 168 15 170 14 174 6 193 8 173 2 205 3 185 17 210 7 221 10 211 4 205 5 234
1400 3.353296172431087 -1.5034425777482172 2.8639722451803533 213 144 125 0.015181479424846326 9 157 18 184
1402 3.4739141729022984 -1.5109043180544766 1.6614187245593066 0 0 0 0.22370202121902719 11 191 19 200
1403 3.0896640684723597 -1.1590603695807573 1.8843598945002469 241 194 169 0.48099562182594313 11 216 18 213 13 227 15 183 13 209 14 148 6 166 8 144
1404 4.1254258113653108 -0.093167824719286599 1.9604091673415676 5 4 1 0.29091556687118836 11 203 18 216 13 196 15 192 14 200
1405 4.3269505242186632 -1.4516617628916397 3.0141622588555164 255 255 255 0.78498231789479966 11 218 18 229 13 242
1406 3.6621358476447647 -0.76104367315283772 2.0932697442112205 255 255 255 0.9972231980387708 11 220 18 230 13 230 15 247 14 214 8 214
1407 3.807587080738335 -0.57164217371982695 3.0759009749450499 194 148 108 1.4011497969724775 9 196 11 222 18 232 13 193
1408 3.1558157586760158 -1.6117083532412382 1.6986765095183689 117 81 59 0.60150148443185669 11 233 18 241 13 220 15 216 14 224 8 224 2 251 17 250 7 241 16 227 10 174 4 170
1409 3.9020187821105079 -0.98127515861257752 2.9301405559078 37 20 9 0.15258576716163805 11 240 18 253 13 265
1410 3.406445193264978 -0.74949812164831242 2.2923855715749566 96 62 38 1.6627053675440617 9 244 11 267 18 281 13 276 15 282 14 291 6 303 8 284 2 329 3 287 17 338 7 355 16 335 10 337 4 317 1 321 5 341
1412 3.2647105579334563 -1.4106041786042787 2.6976315688464965 220 167 143 0.30198093256355862 9 131 11 138 18 145 29 96 28 110 24 118 21 120 25 135 13 148 15 150 6 163 8 143 2 181 17 182 7 196 16 184 10 184 4 178 1 180 5 262
1413 2.9989103219567763 1.7087318782876353 2.3060248883149397 7 6 4 1.1678460810416034 23 242 20 239 19 222 11 252 18 260 34 332 35 319 32 324 42 314 41 309 37 286 36 284 31 290 30 291 27 283 22 266 28 267 24 272 21 264 23 253 27 277 22 258 20 247 19 233 12 217 9 232 11 258 18 271 13 259 15 262 15 274 14 265 8 261 6 289 2 312 3 280 7 362 16 321
1414 2.7256393081000128 1.4158911950236899 3.3924172173901561 223 223 223 1.9072157150639204 30 270 27 273 22 254 29 264 28 253 24 262 21 251 25 261 26 236 31 255 23 231 20 225 12 189 19 195 9 199 11 208 18 196 15 194 14 180 6 49
1415 2.8661815142014073 -1.7140340486474648 2.2642371912906101 194 156 136 0.69660150438705559 25 6 13 7 8 7 2 20
1416 2.9234216704022518 -1.6680481960495253 2.3186178065115928 191 153 133 0.53326829657299968 18 18 13 8 15 66 13 59 14 62 6 9 6 65 8 45 2 79 3 60 17 65 7 83 16 73 10 72 4 69 1 78 5 88
1417 3.2918791007401622 -1.6779481510082059 2.7511924115108286 175 119 105 0.15940300456515752 18 30 13 21 15 29 14 30 6 16 17 25 10 21
1418 3.1078463355677441 -2.1675476266582532 2.4669267063983171 78 57 39 0.19484032926858316 11 59 13 52 8 79 2 116 7 128 17 107 16 57 10 113 4 114 1 115 5 135
1419 3.2965296798024148 -2.1035228134338637 2.7189005942529429 73 56 43 1.8467217244004044 18 61 13 55 15 139
1420 3.2152899508981858 -1.7435312044185789 2.6920484893755701 68 45 28 0.23556590711270819 11 67 13 63 15 70 6 66 8 49 3 61 7 84 16 74 1 79
1421 3.2567665754211146 -1.3445364430682181 2.6583601812568545 173 126 99 0.16890456877061011 18 43 13 77 15 83 6 75 2 97 6 76 3 76 17 76 7 98 16 132 4 130 1 131
1422 4.1013029526709186 -1.3247713106734522 2.9369617711326961 101 74 48 0.36526772527397039 18 86 13 85 15 92 14 82 6 126 8 108 2 140 3 124 17 144 7 155 16 138 10 137 4 183 5 213
1424 4.1378559599835292 -1.128690540107856 2.9283266785255599 94 68 45 0.30926161624787968 18 90 13 90 14 117 8 111 3 170
1425 3.169558347056427 -2.0964768380020842 2.5665939978401959 67 47 31 0.54234973435354183 11 89 13 99 16 117 10 114 4 115 1 64 5 77
1426 3.2530494486598451 -1.6918686485936287 2.7516336386106341 134 64 45 0.10789800644593983 18 104 13 107 15 106 14 100 8 90
1427 4.0923499418902836 -1.271342260329213 2.9073199212029692 77 53 33 0.38747704374951325 18 87 13 125 15 125 14 156 6 171 8 151 2 239 3 166 17 235 7 204 16 235 10 190 4 234 1 242 5 266
1428 4.1484715684350091 -1.0408888075030664 2.9341460383690059 71 50 33 0.20570557088622349 18 91 13 129 15 128 14 118 6 132 8 113 2 145 3 129 17 153 7 161 16 142 10 143 4 138 1 144 5 162
1430 3.0502089732923303 -2.0348155835970334 2.4552185738263259 126 98 78 0.41054320587358883 11 123 13 136 15 135 14 128 6 203 8 181 2 215 3 190 17 214 7 235 16 217 10 220 4 219 1 222 5 184
1431 3.0501300186745177 -2.0349339325641251 2.4552629325340698 126 98 78 0.41949544438841907 11 124 13 137 15 136 14 129 6 204 8 182 2 216 3 191 17 215 7 234 16 216 10 219 4 218 1 221
1432 4.1634099703949037 -1.1803847144202775 2.9530926261345636 96 70 48 0.62043251895826312 18 115 13 160 17 271
1437 3.3393134190552494 -1.76172927888399 2.7753367753374101 222 154 126 0.15833434095009902 18 180 13 202 15 200
1438 3.8235113059848875 -1.5595853392903967 2.8871811300276797 63 52 40 1.2186483115768016 13 210 15 243 14 258 8 273
1439 2.9528857069157066 -1.356817721525156 1.8949715806920451 247 197 175 1.6861050861975251 18 207 13 225 15 220
1440 3.3609541888953367 -1.2868812789171498 2.7000732753652721 82 43 27 0.35572829520396482 11 199 13 228 15 224 14 231 6 273 8 232 2 300 3 267 17 314 7 339 16 312 10 313 4 310 1 316 5 351
1441 3.9994329450469568 -0.81295763007747501 2.9832913213253671 30 11 2 0.58048908131392873 18 231 13 243 15 256
1442 4.2657753282419462 -0.304321626253932 2.3166797661660294 0 0 0 1.3556199035626022 27 62 29 138
1443 2.7524370150143675 1.0566542236364938 4.1232282535391729 147 110 82 1.8546044085700941 13 245 15 257 8 269
1444 2.9406212619899588 -1.1761310607465101 1.9494265385757907 85 29 28 0.31921519098557261 18 249 13 251 15 252 14 256 6 284 8 253 2 315 3 276 17 323 7 351 16 329 10 333 4 311 1 331 5 336
1445 3.8110627456363457 -1.3860904930940152 2.8829174233289239 47 31 18 0.2151532827394064 18 246 13 255 15 266
1446 3.2551539406613221 -0.93651289058339648 2.4993243147857171 131 87 59 0.94775080845944148 18 265 13 263 15 268 14 269 2 335 3 291 17 344 7 377
1447 3.2551539406613221 -0.93651289058339648 2.4993243147857171 131 87 59 0.94775080845944148 18 266 13 264 15 269 14 270 2 336 3 292 17 345 7 378
1448 3.0598669986576046 -1.0212905964674996 2.0206961493370565 193 89 89 1.7899910637339393 18 275 13 269 15 277 14 282 6 300 8 274 2 326 3 285 17 336 7 367 16 332 10 336 10 341 4 326 1 333 5 353
1449 3.1280165258320678 -0.90018885524007486 2.1483329725774518 224 174 149 0.92260450916806636 18 277 13 271 15 278 14 284 8 277
1450 3.8976623199904168 -0.1172164664346896 2.3442099808691816 241 191 149 1.0242844498607357 9 238 11 264 18 279 13 277 18 282
1451 3.0004930136503383 1.7087415350319224 2.3054857459213727 8 7 5 1.2675569993669307 45 291 38 340 34 331 35 318 32 323 42 313 41 308 41 315 40 305 37 285 36 283 31 289 30 290 27 276 27 282 22 257 22 265 28 266 24 271 21 263 23 252 20 246 19 232 12 216 9 231 11 257 18 270 13 258 23 241 20 238 19 221 11 251 18 259 15 261 15 273 14 264 14 277 6 288 8 260 6 296 2 311 3 279
1452 2.9955761908647434 -2.0080817636934163 2.3930062312940095 127 93 69 0.19031235442052122 18 10 15 4 6 2 17 10
1453 2.9955761908647434 -2.0080817636934163 2.3930062312940095 127 93 69 0.19031235442052122 18 11 15 5 6 3 17 11
1454 3.2322503446207627 -2.1427937113235282 2.6186555354965471 59 40 26 0.34997336636583631 18 12 15 6 14 58 6 54 8 2 3 7 17 57 7 6 1 0 5 2
1455 3.2329149841806961 -2.143327173292104 2.6186843360359919 59 40 26 0.36104069460585964 18 13 15 7 14 59 6 55 8 3 3 8 17 58 7 7 16 59 1 1 5 3
1456 3.2834812439457139 -0.79633556643196024 2.3482080930291587 141 100 73 0.34338339876145119 18 50 15 46 14 48 2 103 3 86 17 151
1457 3.316622243839277 -0.78414587164577054 2.3046952082299019 144 106 79 0.71269862062781475 13 43 15 47 14 49 6 83 14 83 8 68 2 144 17 152 7 209 16 143 10 144 4 187 1 103 5 119 5 216
1458 2.7219476464293453 0.51660373394979586 3.3108172872944008 116 84 55 1.011261255226275 18 56 15 51 14 54 3 45 6 46 16 105
1459 2.4381297373715518 1.4605794604785578 3.0926052183510362 136 97 71 0.49458215190677213 11 119 18 126 19 102 15 56
1460 4.1138441977311206 -1.2881390199606786 2.9346304239638501 54 31 10 0.193517478136084 13 88 15 93 14 114 6 127 8 109 2 141 3 125 17 145 7 156 16 139 10 139 4 134 1 141 5 159
1461 4.147517525321164 -0.96998457263607563 2.9299099146594028 85 60 37 0.21011998257941414 13 91 15 94 14 85 8 70 4 98
1462 4.1829461141597495 -0.95984619688964201 2.98340675211477 107 81 56 0.37585430463796765 18 51 15 95 14 86 6 136 8 71 2 193 3 131 17 195 7 211 16 192 10 193 4 188 1 244 5 270
1463 3.2866705361971209 -1.6955896174258362 2.8138306963096338 156 77 54 0.13367003421368764 13 108 15 107 14 138 6 153 8 133 2 170 3 148 17 171 7 187 16 172 10 171 4 165 1 171 5 195
1464 3.2866705361971209 -1.6955896174258362 2.8138306963096338 156 77 54 0.13367003421368764 13 109 15 108 14 139 6 154 8 134 2 171 3 149 17 172 7 188 16 173 10 172 4 166 1 172 5 196
1465 3.2682414742835326 -1.6613250570369735 2.7260965554948573 104 39 24 0.19187559582985672 13 143 15 145 14 187 6 212 8 185 2 225 3 195 17 224 7 239 16 245 10 254 4 255 1 262 5 286
1468 4.2544338290734229 -1.1569989363315014 3.0168229458586242 255 255 255 1.0142308998511 11 146 15 158 14 196 6 175 8 156 2 191 3 171 17 193 10 238 4 237 1 191 5 268
1469 4.3418923684370458 -0.79284623546796162 3.0588705991064038 255 255 255 0.71282420512190847 13 131 15 163 14 163 6 264 8 196 2 307 3 255 17 299 7 344 16 337 10 319 4 329 1 322
1470 3.820590434322729 -0.25814771539292403 2.2120837376441478 218 174 136 0.61442395767845126 13 195 15 164
1472 3.512281895434791 1.8049130856278033 1.956005834891553 8 7 5 0.44735541022310837 13 173 15 174 14 177
1473 3.2479297039129018 -1.5315692667453713 1.6918801904521845 162 112 82 0.60673530320505786 13 184 15 178 14 186 6 155 8 187 2 126
1474 4.1875433395000368 -1.0034837564434425 3.0057789662210506 13 5 1 0.79704698097800186 13 192 15 189 14 215
1475 3.2963878609021644 -1.3392450488336864 2.697706515727651 208 151 131 0.41326060981039581 13 211 15 205 14 230 15 222 6 255 8 231 2 284 3 243 17 288 7 307 16 287 10 293 4 287 1 292 5 316
1476 3.5325494066974867 1.7449196315828632 1.8969604408261296 255 255 255 0.87423280926825286 13 236 15 213 14 243 8 219 8 240
1477 3.0478237468846583 -1.6373476907557762 1.8514006448790898 227 182 155 1.2179724053046832 11 259 18 272 15 263
1478 3.5767212040304006 -1.4690225427174874 2.7391921503032006 158 117 101 1.5673283424850133 13 253 15 265 14 267
1479 3.4861967273127323 -1.1393801866493842 2.734951868671283 186 137 104 1.4838362388055093 13 261 15 267 14 283 6 310 8 276
1480 3.3809131442464007 -0.52552120833131122 2.7845795182485591 179 135 97 2.2066581836950063 13 266 15 270 14 272 6 293 8 265 2 331 3 293 17 346 7 380
1481 2.4476189805478934 1.4634660670343242 3.0233815392281405 255 255 255 2.3519400979855369 13 275 15 272 14 279 2 332 17 351 7 374
1482 3.5786924498504344 -0.41718495884005302 2.937790238454923 228 182 139 1.9366727363712044 13 273 15 280 14 287
1483 3.0080498393980766 -1.984151185628853 2.4169962370472136 173 136 115 0.23671569900473258 15 59 14 10 6 56 16 11 1 8 5 11
1484 3.0101350173459984 -1.9853987380741818 2.4170511921324644 173 136 115 0.13893118159132722 15 60 14 11 16 12 5 12
1485 3.2320338509507343 -1.900089075425943 2.6905030849992686 66 50 36 0.37153416470467149 15 18 14 17 6 64 8 44 2 77 3 59 17 64 16 69 10 70 4 65 1 14 5 85
1486 4.1362642455008727 -1.4027743498352552 2.9336368569869418 132 97 62 0.30747570535808055 15 44 14 45 6 34 8 27 3 83 17 89
1487 3.1967152676231434 -1.0059587823611644 1.9126208617480003 136 67 53 0.16346488001933335 15 122 14 80 8 65
1488 3.0002911102898935 -2.1788217640529872 2.0557044680180678 175 131 106 0.34156761160700366 15 99 14 93 6 50 8 41 2 1 3 0
1489 3.4856580188265553 -2.1412198621837 2.765338170751122 73 55 40 0.71657763717450995 13 57 15 140 14 96
1491 3.1253074286875751 -0.34221560829888792 3.3729147502436723 224 175 144 0.5158167290337855 18 119 14 121 6 183 2 244 3 178 17 275
1492 3.1062549315756978 -2.2477751994827635 2.2850769659394166 142 111 89 0.44582870636264149 15 134 14 123 6 92 8 76 4 1
1493 3.2920148190590517 -2.3032050126456762 2.5697961975793766 71 54 38 0.96031968955440983 18 96 14 125 6 202 2 157 16 160 4 149 5 176
1495 3.2196528811749361 -2.109726739587753 2.6883736084825189 105 83 65 0.55184911075627019 15 61 14 132
1496 4.1287063447940771 -1.1849058703034667 2.879594393067594 59 40 19 0.35307497980226094 15 155 14 158 6 173 8 153 2 189 3 168 17 191 7 206 10 140 4 136 1 143 5 117
1497 3.9317377046845414 -0.30924419559439092 2.1801479637716445 255 255 255 0.89373873440495555 13 162 14 165 8 163
1498 4.0101854252079603 0.11568798913784931 1.8624220942500789 12 11 7 0.46060154715994817 15 165 14 166
1501 3.2573425762388002 -1.3309399918799796 2.7591123326982148 209 144 127 0.29799912176815452 15 184 14 191 6 218 8 191 2 233 3 202 17 231
1502 4.1868641481764488 -0.80134758650104587 3.0217037428960261 26 13 3 0.36084015860125723 15 162 14 198 8 194
1503 3.1406419670358492 -1.9005442302008617 2.6048999619510225 75 53 37 0.13556846046305429 15 198 14 204 6 225 8 201 2 246 17 243 7 264 10 251 5 278
1504 3.5177463358013559 -1.3291587002520224 2.7980091543319552 138 104 77 0.72683048061182176 13 212 14 211 6 256 8 210 3 244 7 340 16 311 10 312 4 324 1 330
1506 4.1774855361101197 -0.95063930435144184 2.9477433813631095 99 72 46 0.28361842759999456 15 190 14 216 6 237 8 215 2 287 3 225 17 296 7 318 16 295 10 302 4 297 1 297 5 323
1507 2.2516000234490519 1.0831898833598281 3.7442194744097046 202 150 112 2.0031907537796632 15 233 14 240 8 238
1509 3.5189988281409823 -1.9110884538942812 2.818399776662337 66 49 36 1.0971205943505089 15 241 18 242 14 254 8 262
1510 3.2911440420378373 -0.3457533731353209 3.2123172299862039 8 5 4 1.7750601859661859 15 284 14 292 6 312 8 285
1511 3.2425701110141163 -0.33375394219318633 3.2098126901350046 8 5 4 1.0810041636834751 15 285 14 293 8 286
1512 4.1939730026713304 -1.403699560238447 2.9885829811255582 255 255 255 0.3763575483399153 15 207 14 213 6 235 8 212
1513 3.2144408090171992 -2.2485086310955249 2.5240661225415044 85 69 53 0.52902092285847302 14 2 6 0 2 2 17 1 10 0
1514 3.2105091343900032 -1.9393790268984221 2.6718410080889754 54 35 22 0.095542833804364805 14 15 6 8 10 15
1515 3.2757272248055589 -1.4340851306865789 2.7256166822057439 191 120 95 0.23474293096289656 13 32 6 26 8 58 2 45 3 75 17 31
1516 3.3111129276000497 -1.3091520573191437 2.7058827376375723 171 119 99 0.2762589493622451 15 85 6 33 3 79
1517 3.0355430816891489 -1.0032199231983792 1.9946263661138905 116 16 14 0.14292543651158854 14 78 6 81 8 63
1518 4.1396573594714994 -0.96980919501450036 2.8840192451212117 62 41 21 0.1709361591501728 14 84 6 85 8 69 2 105 3 88 3 89 17 93 17 94 7 110 16 102 10 99 4 97 1 104 5 120
1519 3.7565507868255206 -0.043326207572265074 2.1609285577244575 28 17 12 1.8748729674836682 6 87 8 36 7 67
1520 2.7866775234677323 1.153631136320092 3.4495080273966359 60 43 34 0.32596776602256022 15 98 6 88 8 73 3 96 2 62 4 55
1521 2.8076952381055857 1.1073992960981631 4.0871059692840479 202 150 113 1.2548434177442589 14 170 6 89 8 116
1522 3.2768840197182438 -1.9335046865466421 2.7189304193239181 48 30 18 0.21735760796666764 15 104 6 101 3 106 17 116 7 132 10 116 1 116
1523 2.96945365977875 -1.5160914521245721 2.0930655543979544 177 143 135 0.15548206610057519 18 136 6 106 2 89 3 111 17 126 7 90 16 81
1524 3.0617457897687923 -1.5212846321953215 1.8496051336722166 177 128 98 0.071976987136135553 13 182 6 107 8 89
1525 4.235210019405077 -0.98382008032982826 3.010851052149397 16 10 4 0.44260453338645717 15 129 6 135 3 174
1526 3.323410800977054 -1.4807294727033522 2.7385766450617171 170 110 89 0.44546570169401151 14 144 6 159 8 140 2 130 17 133 7 97 10 84
1527 3.2872367764223953 -1.4389743726130186 2.8068807420991564 171 102 85 0.11078887974687487 14 145 6 160 8 141 2 179 3 156 17 180 7 193 16 182 10 182 4 174
1528 3.2876906942377859 -1.4390224183283562 2.8067895482920138 171 102 85 0.097827632932976638 14 146 6 161 8 142 2 180 3 157 17 181 7 194 16 183 4 175
1529 4.1957389636897728 -1.6413746883936977 2.9219751707271291 24 9 4 0.72753253395100037 14 149 6 167 8 145 2 234 3 203 17 232 7 279 16 257 10 267 4 288 1 293 5 315
1530 4.3016170838436256 -0.96122406881950673 3.0277493371793653 255 255 255 0.41117043496962719 14 162 6 180 8 160
1531 3.7955844563480441 -0.12378180838623588 2.0930527545788262 255 255 255 1.9792423143194773 14 219 6 185
1532 3.0178471384420895 -2.1238972420515898 1.9508788986805554 239 194 167 0.43729025854621056 14 203 6 201 11 210 8 179 2 115 3 139
1533 3.2991945560150056 -1.6215553539912191 2.755278327482082 222 170 144 0.32625593405236286 14 189 6 215 8 188 2 228 3 198
1534 4.1497609356516545 -0.76908700500762883 2.9871154253203636 100 69 41 0.6676437329480529 14 120 6 221 8 161 2 243 3 206 17 238 7 288 16 266 10 275
1535 3.2250474449447131 -1.7397175718645721 2.6996913999475387 82 56 39 0.5848650205976933 11 173 6 228 8 204 17 248
1536 3.6714749317361695 -1.238501014704642 2.8351172714501329 53 36 18 0.56372932770950224 14 233 6 260 8 234 2 304 3 248 17 316 7 342 16 333
1538 4.2464880029436554 -1.0369768289098245 2.9962501450780104 20 10 4 0.64502441829886215 14 235 6 262 8 246 2 306 3 270 17 317 7 354 16 314 10 317 4 327 1 334 5 355
1542 3.1458649376638865 -0.9150122286678144 2.1452831679365358 219 172 147 1.184298422305557 14 285 15 279 6 302 8 278 3 290
1543 3.1683091398936298 -0.87698665053472491 1.8640770358116998 255 255 255 1.0540784897200786 14 290 6 311 8 283 7 389 10 362 4 357 1 362 5 378
1544 3.0479120720271315 -2.0651966698864248 2.4379595140275825 101 71 49 0.56190844841495524 18 131 14 126 6 149 19 4 9 6 18 7 13 2 15 3 14 5 2 160 3 142 17 161 7 174 16 161 10 159 4 154 1 162 5 180
1545 3.2517468758506118 -2.1225538786633491 2.6493845388354162 94 75 59 0.24428022217901457 15 10 8 4 7 12
1546 3.2978969208525224 -1.8500714685306157 2.753868299554338 83 64 48 0.49448121811812384 14 19 8 8 2 22 3 13 17 18 7 28 10 18 4 16 1 17
1547 4.1638575160645326 -1.6214007842561906 2.8871615044471053 117 91 68 0.29958958170158662 14 40 8 25 3 32 17 36 7 102 10 89 16 133 4 84 1 92 1 182
1548 3.8416926423722142 -1.2783123536422596 2.8669833434472825 98 81 62 0.94914675069321119 6 125 8 30 2 188 3 123 17 234 7 281 16 262 10 272 4 270
1549 3.4580399495746446 -0.53305226334973976 3.0200247077037359 188 141 100 0.42830497043367111 6 40 8 32 2 57 3 43 7 214
1550 3.2355635977229071 -0.38655217511398493 3.3731623815391796 19 17 16 1.0763155297729554 6 42 14 50 8 34 3 176
1551 2.7263068065495006 0.60028279380502902 3.3146652114723834 102 72 47 0.36303754056964921 23 47 8 38 3 46 10 54
1552 3.196167066844871 -1.4938921552467948 1.7195182023590458 163 112 84 1.2902797024283164 6 19 8 52 2 41 3 22
1553 2.7605972704914805 1.2614443285779409 3.3807394804904378 16 13 11 0.30123988487859765 6 91 8 74 2 64 17 100 7 70 16 108 10 108 4 109 5 129
1554 3.317035249772764 -1.839309342883559 2.7659909757594749 62 42 26 0.1410094127643757 6 103 8 85 2 166 17 167 7 183 16 169 10 169 1 168 5 191
1555 3.0956761882637247 -0.74216672061036515 2.1574617668698437 142 96 78 0.2427058242513713 6 131 8 112 17 150 7 159 16 141 10 142 4 139 1 102 5 118
1556 3.3173448318978336 -2.1576564558345472 2.6842880639661169 103 83 66 0.21860989241145704 6 205 8 124 2 217 3 192 17 216 7 232 16 214 10 217 4 215 1 219 5 250
1557 4.2372098392012401 -1.1013566132018142 3.0112203095979164 42 25 9 0.47035511552411763 6 177 8 157 3 172 7 208 16 190
1559 3.3184639543575889 1.2459239589472946 4.1031704200740853 255 255 255 1.8081006983375374 6 191 8 170 3 181
1560 3.2123060379678958 1.2539177736752183 4.0619441882545502 141 117 98 0.29347295175931315 6 223 8 171
1563 2.9182872090453169 -1.5933749217257343 2.2715047666996533 176 135 115 0.4014559736662674 23 121 8 184 2 223 17 222 7 184 4 164 1 173 5 197
1564 3.2727838542341945 -1.4246057163249597 2.7505249761464632 212 154 130 0.60674156861502859 18 186 8 189 2 232 3 200 17 230 7 247 16 253 10 260 4 259 1 268 5 289
1565 4.1894100189464378 -1.4662463457802863 2.9427807227353742 32 16 7 0.29970440691425593 6 234 8 211 3 224 2 263 17 267
1566 3.5809347032309473 -2.4321404343724189 2.6347916862331417 255 255 255 2.2554034293302432 6 245 8 222 4 330
1567 4.1120204699947482 -0.656412765670494 3.063739711778986 34 16 4 0.54242455150359237 6 277 14 218 8 236 3 271 2 308
1568 4.2310707811606818 -1.2492022274477721 2.9707802124775489 41 22 9 0.63182997446288491 15 227 8 245 5 338
1569 3.4374270346858169 -0.70582151922167102 2.1484308635294931 255 255 255 0.87560462717838006 6 285 8 255 2 317 3 277 17 324 7 356 7 369 16 336 4 328 1 335 1 341 5 356
1570 3.573535168966925 -0.47706165059052974 2.3131516120417333 229 189 149 0.54278812245741381 2 318 17 325 7 357 16 317 10 321
1571 3.7644644674270689 -0.033015472000911504 2.0939536592241019 11 9 6 1.6334981546128995 8 267 3 273 2 293 10 152
1572 2.8547261045345427 1.04664373894958 4.1345802125844333 0 0 0 1.3616244021066806 6 306 14 288
1573 3.1390365162604112 1.2502113975601135 4.1365962257235127 255 255 255 1.4549358047539429 14 276 8 270
1574 2.9859216991416981 -1.3780085099588699 2.1604915089343959 245 193 161 0.89537987739767377 6 307 8 281 2 341 3 298 17 353 7 387 16 356 10 349 4 346 1 349
1575 3.1772126600579202 -1.0661639793574547 1.7653849082655142 255 255 255 1.5964581440812815 14 289 8 282
1577 4.185569335920122 -1.1812231044058856 2.9593464692149176 98 74 54 0.90875371749839429 18 89 13 89 15 127 13 128 14 116 11 82 6 129 6 174 8 110 8 155 13 159 15 157 14 159 6 220 18 114 2 190 2 241 3 169 3 205 17 236 17 270 7 207 7 284 16 189 10 192 10 274 4 236 1 243 1 276 5 267
1579 3.022017988955469 -1.0154793461154226 2.0368359101111908 101 10 8 1.6508836653901631 27 116 28 84 20 43 11 44 18 46 8 26 14 42 37 48 30 59 27 117 28 85 24 89 21 92 25 138 26 82 23 101 20 81 19 63 12 60 9 74 11 109 18 81 13 79 15 88 6 79 8 62 2 100 3 36 3 81 17 86 7 106 16 38 1 50
1580 2.9536133679304895 1.5836698765386965 2.3524315351354965 255 255 255 0.88612011903431265 13 172 15 173 35 221 42 213 41 247 40 228 37 225 36 209 30 201 27 193 22 185 29 222 28 169 24 176 29 187 21 172 25 182 26 153 20 153 19 173 12 152 11 118 11 161 18 125 18 171 13 134 15 132 14 176 6 195 2 209 3 187
1581 3.04735789543393 -2.2017463406092852 2.2243052829413732 141 110 87 0.68414306065152042 8 77 6 93 3 101
1582 3.2255550801542929 -2.0949856263402094 2.6378231049942573 86 66 51 0.43129895868132068 6 4 2 7 10 7 1 3
1584 3.0916246390386433 -2.0123484536061169 2.5296122282717555 110 85 67 0.33851018784961945 6 6 2 9 7 16 16 14 10 9 4 5 1 7 5 10
1585 3.2737783620654546 -2.0262787211079334 2.6928914188537472 76 58 45 0.86993373528559059 15 13 2 14 7 22 16 65 17 112 5 79
1586 3.2737783620654546 -2.0262787211079334 2.6928914188537472 76 58 45 0.86993373528559059 15 14 2 15 7 23 16 66 17 113 5 80
1587 3.2828809099443479 -1.5725556664783744 2.6936132057504034 167 110 82 0.14021166927861592 6 21 2 42 7 42 16 29 10 26 4 31 5 44
1588 3.7151201308759561 -1.4685499180058685 2.8689215612447336 55 44 34 0.24403067651060523 6 31 2 49 3 31 17 79 7 101 10 88 1 91 5 100
1590 2.9883085187154812 -1.9030946603654313 2.4204712321893767 169 133 109 0.27039727881384379 6 98 2 70 17 63 7 80 16 68 10 68 4 63 1 74 5 83
1591 3.2311275390438672 -1.9004967333810556 2.6908790527174449 67 49 37 0.495934745327891 14 16 2 76 10 69 4 64 1 13 5 84
1593 3.5217403405243513 -0.47961115348341049 3.1684750308676444 219 169 133 0.40768002899359934 6 86 2 108 17 97
1595 4.2135351068329703 -1.4357424896310704 2.9486464287132952 38 29 14 1.0479097586573376 14 112 2 138 17 188 7 153 7 202
1596 4.1647997453488426 -1.0942286894331279 2.8101787313866238 27 15 7 0.16616780117498828 6 130 2 143 3 127
1598 4.0632706220749517 -1.7564444899801024 2.8805962966988248 101 78 58 2.0198208837163705 6 74 2 178 3 116 17 229 7 274 16 252 10 259 4 258 1 266
1599 4.0251363212594535 -1.4310837931073854 2.862607920279864 9 3 1 0.74482750522799535 6 169 2 237 17 266 7 310 16 290 10 296
1600 3.5519849346715122 -1.6792463007913629 2.8669694084696737 77 57 38 0.39548415443874924 6 158 2 254 17 284 7 303 16 283 10 290 4 284 1 289 5 310
1601 3.2971193034284556 -1.3956027714135866 2.7958374646326933 212 145 127 0.27428207798027543 6 217 2 258 3 221 17 257 7 275 16 254 10 261 4 260 1 269
1602 4.2494732985153263 -0.83286466744475418 3.0030085073182247 27 12 3 1.3982064364934346 6 263 2 289 3 254 17 274 3 227 7 321 16 296 10 304 1 298 5 298
1603 2.997332831072411 -2.0989134176421418 2.121673237347721 220 173 145 0.23906371121419098 6 269 2 296 3 263 17 307 16 278
1604 3.0037296185191602 -2.0591141079454514 2.2257531096527226 213 169 142 1.4446929868894562 2 323 3 281 17 330 7 364 16 324 7 348 10 330 4 306 1 312 5 332
1605 3.008307825623981 -1.3437062474936252 1.7896776783395019 255 255 255 1.7275756993751912 6 283 2 324 3 266
1606 4.2180416480726644 -1.3955439618538992 3.0248194708865452 255 255 255 0.38594727956789027 14 268 2 327
1607 3.3810080603269159 -1.6692556742592839 2.8082219658084462 199 133 110 0.95728025870574296 6 292 2 333 3 283 17 341 7 386 16 355 10 360 4 355 1 360 5 383
1608 3.2206558886011911 1.7359290012680029 2.1716582786299661 9 8 6 0.70432486716442444 2 338 3 295
1609 2.9348293544034747 1.6083482643911193 2.3885147697704636 255 255 255 1.5716360077008509 13 248 14 252 6 282 8 251 2 322 20 245 25 275 19 231 12 215 9 230 11 250 18 258 18 269 15 260 3 262 17 321
1610 2.9348293544034747 1.6083482643911193 2.3885147697704636 255 255 255 1.5716360077008509 13 247 14 251 6 281 8 250 2 321 20 244 25 274 19 230 12 214 9 229 11 249 18 257 18 268 15 259 3 261 17 320
1611 4.0539975964696744 -2.483337635258712 2.6431339268549316 139 113 90 0.21920542013527045 2 10 3 10 17 12 7 17 16 62 10 10 1 5 5 7
1612 3.5793188230813682 -1.3862469283826326 2.8213209972969238 66 48 26 0.091043139762879408 2 51 3 33 17 81 7 53 16 92 10 90 4 87 1 93 5 101
1613 4.2458768033270715 -0.6397551843875674 3.0917532048750087 90 72 57 0.42873256097426277 2 106 3 44 7 116 17 156
1614 3.2323556670434601 -2.0553869514505712 2.6565425462116781 75 57 43 0.058315306651256359 6 59 3 54 7 77 4 59
1615 3.2292338233263886 -2.0537591617152722 2.6573517298077509 75 57 43 0.025354162914232956 6 60 3 55 7 78
1616 3.4633805737370178 -2.1248377248630845 2.7613407677046942 58 39 23 0.17481397603449086 2 72 6 61 3 57
1617 3.4579485748486856 -2.1230234119883455 2.7625404714211692 58 39 23 0.20808742949777717 2 73 6 62 3 58 16 64 10 65
1618 3.2760480470047484 -1.5220575802212575 2.7000282924521257 124 60 37 0.61651662874149549 2 128 3 71 7 145 16 179 7 191 10 177 1 177
1619 4.0491038363403469 -1.6383076492863848 2.8751096270288921 84 63 48 0.43288018099783732 2 98 6 29 3 77
1620 4.1398635711346463 -1.672889452345901 2.8562622696166353 84 63 48 0.1664484389679704 2 99 3 78 17 77 7 99 16 90 10 86 4 83 1 90 5 99
1621 3.0462893167481213 -1.1470027664834603 1.9029533357959316 234 186 159 0.30431939615911791 2 50 6 118 3 80
1622 3.4819395542487088 -0.70512472006653804 2.2273688014202073 186 152 123 0.47663612462233207 6 137 8 159 3 91
1623 3.5202343517453607 1.3148910049896199 3.8803541203955692 84 72 59 1.0957831105699658 2 203 3 99 17 278
1624 4.0149293548644058 -2.5843283743787184 2.587785487103003 63 50 33 0.19949874234174575 2 159 3 102 17 160 7 173 10 158
1625 3.5768650714825045 -1.8373473789294186 2.8648512400158679 67 47 33 0.53265533277174626 2 168 3 109 7 186 17 170 10 229 1 232
1626 3.6645081200765932 -1.703598074665839 2.8927039370924881 71 55 44 0.70372772159325103 2 127 3 115 17 228 7 244 16 229
1628 4.145355636787901 -1.0013957486981799 2.9351355505630696 23 9 3 0.22240427367626769 6 134 3 130 7 163 10 145
1631 2.9323841937914565 -1.1747486805873657 1.8698677193194568 160 108 93 0.51671054764849889 6 165 3 159 17 185 10 187 1 137 5 157
1632 4.1002536461878911 -1.510234111820083 2.8880264707937222 79 57 41 0.16389606371315144 2 236 3 161 17 233 7 250 16 260 10 270 4 268 1 274 5 294
1633 3.8404559615953899 -1.4149638256239339 2.869993683327118 52 41 28 0.69455013551763334 2 185 6 121 3 163 17 187 7 251 16 233 10 271 4 290
1634 4.0572222944172971 -1.4404652580896333 2.8539129245500314 12 4 1 0.83850512410904587 2 238 6 170 3 164 17 265 7 309 16 289 10 295 5 317
1636 3.3145374774918661 -2.1557682424500695 2.6858643979188623 107 86 68 0.20110606835045503 2 218 3 193 17 217 7 233 16 215 10 218 4 216 1 220 5 251
1638 3.8262090123414034 -0.22848648303555594 2.1849214982889507 255 255 255 1.0841907379945883 2 196 8 165 3 207 17 199
1639 3.4529238451883737 -2.0482423372614527 2.7808316609164154 99 77 58 0.32841348569748724 6 210 3 212
1640 3.2788247707306013 -1.3346623019689088 2.7483183270025968 207 143 127 0.22120862473884495 2 262 3 223 17 263 7 278 10 264 1 272
1641 4.1613739897985935 -0.94686377037654601 2.9502755158675016 105 77 52 0.29603477716140553 2 288 3 226 17 297 7 319
1642 4.3979448257953653 -2.11561036609926 2.8228749930904979 255 255 255 0.89329859097125153 2 299 3 239 17 313 7 338 16 327 16 341 4 332
1643 3.2955376683767392 -1.6298260512144804 2.7802433473465182 224 173 147 0.10758429888853399 2 280 3 240 17 282 7 300 16 281 10 287 4 282 1 287 5 308
1645 3.0711777156559594 -0.94177050246895111 2.0029478530823743 172 105 93 0.39092952523809332 2 264 3 250 17 268 7 254 16 234 10 237 4 185 1 189 5 215
1646 4.2785417720669976 -0.9327774741797813 3.0443079693627806 255 255 255 1.9779104005570585 14 236 3 253 17 298 7 320 10 318
1647 4.1590046408132215 -2.4981014229990257 2.7203079070083147 255 255 255 0.6232490178167418 2 297 3 264 17 308 7 334 16 307 10 284
1649 3.3943025481108791 -0.46744384539730249 2.9941023775427276 216 168 126 1.5411298282048467 2 344 3 294 17 355
1650 2.9930358991325816 -1.9277799362906525 2.1636242636823502 226 183 158 0.86188709684858178 2 339 3 296 17 352 7 384
1651 4.2676317859328092 -0.8285133263984461 3.1151292185446873 255 255 255 1.0909535423057655 17 339 7 379 10 351 4 348 1 352 5 380
1652 3.0907640697602776 -2.0076148895848216 2.5172434461514515 110 85 66 1.6043247214444423 6 5 2 8 3 52 9 53 11 61 18 98 13 100 15 62 14 60 6 57 17 59 7 15 7 75 16 13 16 60 10 8 10 61 4 4 1 6 1 67 5 9 5 13 4 6
1653 3.4649337972337668 -0.032456654970115441 2.3106053072113233 172 137 107 1.9044484526230525 6 279 8 258 3 272 2 292 6 287 17 277 7 259 16 239 7 292 10 151 4 53
1654 3.3865693595257711 -1.3744661664825579 2.7911861568294727 77 52 41 0.30857811954204778 2 261 6 219 3 201 17 261 7 306 17 289 16 286
1655 2.7244088676293039 -2.0256933984661107 2.4203910388703087 140 110 87 2.6549908923594163 2 0 17 0 16 55
1656 3.1154854766617293 -2.0844401859698563 2.518403198886793 102 80 61 0.13941561780315637 3 5 17 8 7 8 16 6
1657 3.1154854766617293 -2.0844401859698563 2.518403198886793 102 80 61 0.13941561780315637 3 6 17 9 7 9 16 7
1658 3.2728306290360445 -1.3755320898739551 2.7555234489671876 63 46 39 0.069222185626656871 3 29 17 33 7 47
1659 2.7157176105505587 0.47955791518674734 3.2960670796396436 26 16 11 0.14716628802315707 2 61 17 52
1660 3.2881687485731717 -1.470490095770471 2.7133172290479339 184 125 105 0.78531057715927866 2 95 17 74 7 146 16 130 10 127 4 125
1661 4.1592938867608211 -1.6640239881376477 2.8355099964624553 12 3 1 0.39301303395969606 2 47 17 78 7 48 10 34 1 43 5 53
1662 4.2614813627581682 -1.0230469428889064 3.0292668631070718 28 22 11 0.40328159106114586 2 104 17 92 7 109 16 145
1664 3.4178686795172419 -1.9363851492381292 2.8126840716750543 55 38 24 0.23302486283322393 2 121 17 119 7 135 16 120 10 167 4 160 1 167 5 188
1665 3.7369124480876783 -1.3923701864524536 2.8645026447389168 31 18 8 0.34149034915421472 2 136 3 35 17 141 7 152 16 136 10 134 1 136 5 208
1666 4.1872220493032311 -0.95406209852410895 2.8078431897430174 73 59 35 0.24492707988934556 2 146 17 154 7 111 16 146 10 147 4 99 1 105
1668 3.2857091614010714 1.1837008456972522 4.0988042352987275 255 255 255 1.7867412821128967 17 205 7 218 16 200
1669 3.4339237309090791 -2.1479184062194121 2.753366540003102 111 89 68 0.33111137207670915 2 164 17 220 7 178 10 222
1670 3.0488147596853787 -1.596668823729968 1.8012424103174174 222 179 156 0.91317005662195072 3 214 17 223 7 189 16 175 10 122 4 74
1671 3.4136282663626201 -2.0303513883902853 2.7888970459576274 100 78 59 0.28580794042347824 2 220 17 242 7 263 16 241 10 250 4 250 1 256 5 254
1672 3.0241071875143155 -1.3524104424800845 1.8817781829168463 207 159 138 1.4241196506816698 7 305 16 285 10 292 4 286 1 291 5 314
1673 4.1351030211398401 -0.87898512765276793 2.8959687902368034 30 9 2 0.13930262094947266 2 267 17 273 7 287 16 265
1674 3.1386980106466154 -1.4324986630779251 1.7495042980714857 255 255 255 1.2591879100223966 2 283 17 287 7 272 17 252
1675 4.2047396556385603 -1.4721011295179649 2.9358709260619151 31 16 7 0.23059231996924567 2 285 17 291 7 311 10 297 4 313 1 294 5 318
1676 2.6524920397431533 1.0924075759638823 4.0549884103524407 201 149 112 0.67004551185247385 2 271 17 302 7 324
1677 2.6524920397431533 1.0924075759638823 4.0549884103524407 201 149 112 0.67004551185247385 2 272 17 303 7 325
1678 3.0435266660932996 -1.9290511582258096 1.8245598088479122 246 198 173 0.37833099470645076 2 313 17 309 7 336 10 286
1680 3.5272702486720187 -0.4988603191929693 3.0917922155175481 202 156 121 1.0629372873955154 2 309 17 319 7 345 16 316
1681 4.1426919583900608 -2.3197462375138613 2.7352479507200398 41 25 13 0.38014545491731083 2 298 17 322 7 349 16 325 10 331 4 322 1 328 5 348
1682 3.8402367205325363 -0.56635148908545208 3.158330080630503 35 16 6 1.8403410154226727 7 381 16 345 10 353
1683 3.3286213442471451 -1.5661089295415671 2.7920239230944088 157 97 73 1.2305501661858962 14 142 3 153 17 130 25 126 26 127 23 131 20 129 19 115 12 77 9 129 11 134 18 106 18 142 13 113 15 81 14 106 6 113 8 55 2 93 3 70 17 30 7 143 16 87 10 82 4 77
1684 3.2885276045824021 -1.263941790982176 2.6552038255928081 172 126 96 1.0752609829963991 6 119 2 135 3 120 17 140 19 34 12 84 9 108 11 108 18 148 11 141 13 152 15 187 14 193 6 168 8 146 2 235 3 160 7 150 7 248 16 93 16 258 10 132 10 269 4 88 4 267 1 135 5 103 5 265 5 293
1685 3.5687720493398727 -1.756510624727216 2.8819698922082559 60 41 25 0.14555064868312098 17 27 7 38 16 26 10 24 4 26 1 24 5 92
1686 3.2835940220976068 -1.4828185848718243 2.8504639286647007 188 113 95 1.82208927236472 2 43 7 44 1 38
1687 3.2835940220976068 -1.4828185848718243 2.8504639286647007 188 113 95 1.82208927236472 2 44 7 45 1 39
1688 3.2658067090380221 -1.3200718317201723 2.6591297077261409 164 116 90 0.18514004061139061 17 34 7 49 10 35 1 44
1689 3.7875677260194585 -1.3005527278856128 2.8757632421452528 52 39 23 0.3115409182468416 17 40 7 56 10 41 4 93 5 108 1 96
1690 4.11680782337206 -1.378126529841079 2.9250616483110923 79 49 22 0.319247045972545 8 28 7 57 16 39 10 42 4 44 1 48 5 60
1691 4.1290938647934068 -0.73054059209010902 2.9108206542547519 45 24 5 0.15881677249146611 17 49 7 65 16 103 10 51 4 52
1692 3.0986075569384748 -0.33369529135029119 3.3134336695488864 25 17 12 0.3101717244420934 2 58 7 66
1693 2.7945249635391276 0.10765810684308842 3.1941214307928911 149 112 87 0.89494300947654248 9 43 11 52 20 51 7 68 10 53
1694 3.3704142446937073 -2.2608621849690098 2.6642236993852726 112 90 71 0.21079603292385005 17 2 7 73 16 2 10 2
1695 3.6543397877706743 -0.048417295799734097 2.1655770805169428 22 14 10 0.82511589123638807 17 98 7 118
1696 3.2721715124659063 -1.931965238069854 2.7214745921988421 50 32 22 0.20361848662432713 17 117 7 133 10 117 1 117
1698 3.5306755766817286 -2.1448150367055945 2.7749025761672463 103 80 60 0.65608094801463779 17 165 7 180 16 220 10 165 4 159 1 166 5 187
1699 4.0860068399572844 -2.2016196626765274 2.7555628818625042 112 85 63 0.55920467782815853 17 121 7 182 16 222 10 225 4 253 1 228 5 281
1700 4.2545851981724256 -1.4009918939294783 2.9606034415296838 255 255 255 1.0838500573090712 2 187 7 203 10 236 4 182 17 90 1 241 5 212
1702 4.0921791868845681 -2.5310455045541231 2.6470322519008103 51 36 22 0.55299762640659733 2 245 3 210 7 236 4 248 10 249 1 254 5 276
1703 3.2687155049698653 -1.7328399021050247 2.7522536321760422 221 155 130 0.49546606975305041 2 224 7 238 1 231 5 257
1704 4.2397665351054563 -1.5932529212772089 2.9491739289778232 255 255 255 1.1977715000734979 14 150 7 249 16 231 4 233 5 263
1705 4.0771109768698208 -1.3564188516161575 2.8353488268348643 24 12 7 0.44769757668407933 17 189 7 253 16 261 10 298
1706 4.26201691927597 -0.91369287673599942 3.0317954432137664 255 255 255 1.3416226776550577 2 242 7 256 16 193 4 238 1 245 5 271
1707 2.7089529407715891 0.36146586833784533 3.2846034137650384 212 169 127 0.42754345446834691 17 241 7 260 16 197 10 240 4 194 1 248 5 225 5 299
1708 2.9969895238209396 -1.5117368643676461 1.9126484626658484 231 187 158 0.91459621014115533 2 252 17 251 7 268 16 247 3 237 10 235 4 230 1 176 5 202
1709 4.1474442683843451 -1.8544856252497606 2.891624863960085 40 23 10 0.87531996436716464 3 154 17 177 7 271 16 250 10 257
1710 3.6048840081221249 -1.6233001956759001 2.8730481708813977 68 50 31 0.21305718523588943 17 253 7 273 16 251 10 258 5 312
1711 3.1366437147223096 -1.8821605873862484 2.5914467405483474 85 62 44 0.19830137498000755 17 311 7 337 16 309
1712 3.0939730687815588 -0.84901687856322017 2.1300868157889741 232 182 156 0.85341360707287883 2 316 7 353 10 315 4 316 1 320 5 322
1713 3.8837848736858827 -2.4299590088341532 2.6617448517080566 57 35 18 0.90817669139779744 17 331 7 365 16 340 10 347 4 343 1 347 5 373
1714 2.7643280331030549 0.19208232020930383 3.2577589693057636 234 192 149 1.4120893800902286 14 275 7 370 4 335
1715 3.2009472317454559 1.6014891424890039 1.9993919765179691 255 255 255 1.9074319907760913 17 350 7 373 1 355
1716 3.4008496403261441 -1.1466409237700135 2.7585037819976135 181 134 104 0.36754673272671556 17 343 7 376 16 348 10 350 4 347 1 350 5 377
1717 4.2129523432186229 -1.2178998466068693 2.9916992208811592 33 15 4 1.535904262595861 11 114 18 154 13 191 15 156 13 127 14 195 6 236 8 154 2 240 3 204 3 251 17 269 7 255 7 283 7 317 14 234 6 261 16 263 16 293 10 273 10 301 4 273 4 294 1 295 5 321
1718 4.2279557559139107 -1.3979430788756846 2.9953417343838775 255 255 255 1.4690123950851053 15 226 14 248 6 276 2 305 7 315 8 235 3 249 16 291 10 299 4 292 5 337
1719 2.4539815191934782 1.4639998748710743 3.1004923382734768 135 98 72 0.87377980498034113 11 163 18 173 8 118 8 178 6 198 14 183 19 133 7 167 2 154 6 145 11 120 19 103 18 127 15 57 16 157 10 112 10 155 4 113 1 114
1720 3.3785283845927077 -2.2655929838955067 2.6606878172876218 116 94 76 0.21932363244618341 7 74 16 3 10 3 1 61 5 0
1721 3.3667750064006494 -2.2532212518858863 2.6292394964811825 50 32 18 1.6651433872149974 17 4 16 5 10 5 7 4
1722 3.3114655552402881 -1.8951602980949376 2.7586337796577247 57 38 22 0.15634119164114818 17 17 16 18 10 16 4 13
1723 3.3378321568098852 -1.8780615192103225 2.7831231662592955 55 35 19 0.23971164669343467 3 12 16 19 4 15
1724 3.2126052452910807 -1.6785105439362884 2.686400642613048 133 90 70 0.35304127817385905 7 34 16 23 1 19 5 28
1725 4.1570839373492925 -1.2376947821868349 2.9647425238229945 33 12 3 0.31740658826312046 3 40 16 42 10 44 4 48 1 53 5 66
1726 4.1764774090309391 -0.92410568133647308 2.9846036114711905 75 50 26 0.62804696657503334 17 48 16 44 10 49 4 101 10 100 1 107 5 122
1727 2.7122971159025133 0.46640729166117245 3.2939043494069726 33 17 11 0.24176258006395862 3 94 16 49
1728 3.441516088805908 1.2542690041932174 3.8656471478611873 255 255 255 1.6160115753284263 7 122 16 50 10 205
1729 4.1258382801014637 -2.2612858469547432 2.7429963800139223 25 11 3 0.21554461194615518 7 82 16 72 10 71 4 66 1 77 5 86
1730 3.6335321501834996 -1.7994988150524986 2.8898013226928847 45 32 20 0.17493559970123623 2 37 16 77 4 121 1 123 5 147
1731 3.3051271913145395 -1.6578915693692737 2.8447462444462612 168 90 69 0.30332599036987717 7 36 16 78 10 22 5 90
1732 3.9807985387835805 -1.6269294554455231 2.8765270885946106 5 2 0 2.0830623494624141 7 197 16 89 4 179
1733 3.5900880161035991 -1.3080753750592971 2.8499458779508888 49 33 16 1.0669411551000234 17 82 16 95 4 92 5 104
1734 3.7723724829851615 -1.2515932981999127 2.8764476949461879 102 86 67 0.17272841465422303 7 58 16 97 10 43 4 94 5 62 1 98
1735 4.4532887263252983 1.5653700431447137 3.3541074691239414 16 14 17 0.36185978149933806 7 123 16 111
1739 4.1874477013352882 -0.95348540338330912 2.8072989406245954 73 61 35 0.20560995469058768 2 147 7 112 16 147 4 100 1 106
1740 4.1257594313857293 -0.83830975875555114 2.8462327769972 82 63 40 0.33301639583804815 7 212 17 155 16 148 10 101
1742 4.1384988617494036 -2.5301705156997043 2.6502600451658163 42 29 14 0.36188684900738066 17 163 16 166 4 156 5 185
1743 4.2134769957432789 -2.2676385501344938 2.7577959127734641 28 18 8 0.23343362602717063 7 181 16 168 10 168
1744 2.7365248592158791 1.0168738967318731 3.3943584692285884 10 6 3 0.35546386909620625 13 169 17 201 4 197 5 227
1745 3.2503052612563779 1.1718479776204573 4.1055694305334089 255 255 255 1.0678161492400209 7 219 16 201
1746 2.5227978171196641 1.387788520502178 3.5060996656086805 204 158 127 0.33529247154714265 7 228 16 209 10 215 4 211 1 217 5 244
1747 2.9770604822446654 1.7422304981271433 2.3450967951840163 5 4 2 0.32981344697088449 7 230 16 211
1748 4.0774626961268545 -1.5371387312035147 2.8256132539276928 11 4 3 0.95282541530448361 7 200 16 232 10 268 4 266 1 273
1749 4.3579821290589642 -0.62328255730531124 3.105816943316408 61 43 22 0.75257284722584206 7 290 16 237 10 197 4 242
1750 3.7867558988236962 -1.8264988868773027 2.886625440286493 18 10 5 0.96112438078555251 2 124 16 248 10 289 4 308
1751 2.9649035953263319 -1.1179353064083668 1.9170185679029299 255 255 255 0.34262161541943698 7 280 16 259 5 296
1752 4.533919368923077 1.526155085174703 3.3712219216986288 255 255 255 2.9883782902651825 17 208 16 270
1753 3.7586631478070491 -2.5356090160014291 2.5248267845212444 255 255 255 0.64033294256794404 7 170 16 277 10 283 4 305 1 311 5 347
1754 4.2430847280679904 -1.5893856854017476 2.9622664016564024 255 255 255 0.61795319459166165 7 308 16 288 10 294 4 289
1755 3.3074554600259614 1.2579867294396805 4.0641364500710164 141 118 100 0.68276550209905662 7 331 16 300 10 327 4 319 1 308
1756 3.3074554600259614 1.2579867294396805 4.0641364500710164 141 118 100 0.68276550209905662 7 332 16 301 10 328 4 320 1 309
1757 3.0683712725211763 1.0729228798628756 4.1675672903285026 139 107 77 1.0917527377045857 7 347 16 318 10 324 17 326
1758 2.8512603912710044 1.2564700154278547 3.5611847041369953 21 19 20 1.0824699489720473 7 327 16 319 10 339
1759 3.4110421536331756 -1.8714110195734981 2.8291946416367186 62 44 32 0.56875923095245151 7 350 16 326 10 340 4 331 1 338 5 364
1760 3.0343000351258005 -1.101326355187253 1.8802768125218141 255 255 255 0.56402520508276566 7 352 16 331 10 335 17 335 4 325 1 332 5 352
1761 4.0711944654692651 -1.0649709941604528 2.7418401435346347 255 255 255 1.3842219272284453 7 343 16 334 4 333 1 339 5 379
1762 4.2020687787987816 1.4769405220561129 3.3814517472486227 17 15 18 1.6419895118048706 7 330 16 338 10 346 4 339
1763 3.0129121717819629 -1.3928032288082006 1.7833953734248975 255 255 255 1.19540843075763 7 366 16 342
1764 3.3869046390272262 -1.6747158644727189 2.8050403252082918 185 107 88 0.57691286723127289 7 385 16 354 10 359 4 354 1 359 5 382
1765 3.2598465267269261 -0.2522533061330075 3.2775414807260095 244 202 161 1.4322301782737772 7 383 16 360
1766 2.832501971818802 1.1152655297265823 3.5490726293277595 215 171 136 0.45586064566212742 17 349 10 364 1 364
1767 3.2988420906341087 -1.599202869233866 2.7196456728856666 85 22 8 0.39821833804957285 20 31 9 25 11 33 18 73 13 71 15 79 14 104 6 110 8 93 2 125 3 114 16 129 2 173 6 157 3 151 17 174 10 175 4 169 1 174 5 199
1768 2.9853429091428358 -1.1462376263395047 1.9417912133268616 117 67 55 0.34000552417263968 26 165 23 134 20 135 19 119 12 109 9 132 11 139 18 146 13 151 15 151 6 117 8 102 2 134 3 119 16 135 7 151 17 139 10 135 4 132 1 95 5 105
1769 4.2041305498332049 -1.1903854298531482 2.7437752182013746 55 48 28 0.61674045312024517 2 142 3 126 16 101 17 148 7 158 10 98 4 49
1770 3.2404181078416787 -1.4443892635221454 2.7086798381838371 160 90 66 1.4493762399814094 13 75 2 96 3 74 7 192 16 181 24 148 21 144 25 158 26 129 23 167 20 163 19 143 12 139 9 178 11 195 18 211 13 206 15 203 14 229 1 265
1771 4.2785736838358766 -0.79469342103153784 3.0166933457292959 21 11 2 1.3045027757623382 3 92 17 95 16 194 6 181 17 196 10 194 4 102 1 194 5 163
1772 2.4492755653548386 1.4624414908993326 3.1027928052677072 79 57 42 0.8044456414437009 7 166 8 117 6 197 14 182 11 162 18 172 13 176 19 132 8 177 2 153 6 144 10 111 10 154 4 112 1 113 5 75
1773 3.1527931917997201 -1.9952273233305904 2.6132653791795777 86 64 48 0.21768510853232953 7 18 10 12 4 9 1 9
1774 3.5366516947400606 -1.9680336935906588 2.8352535242621326 83 69 56 0.10291806332540902 16 20 10 17 4 14 1 16 5 21
1775 4.1781034912237054 -2.0275465252051994 2.8108106168173137 122 93 68 0.27651643695378858 7 37 10 23 4 25
1776 4.1064269715658224 -1.7093891241797574 2.8470138235241715 64 46 34 0.1577252633965894 16 34 10 33 4 37 1 42 5 52
1777 3.1047823454559 -2.2408025773841236 2.4419696992004551 110 86 66 0.38460958559326769 16 54 10 56 4 0
1778 4.0325427089269228 -2.4105681758841353 2.6388136498429233 48 35 18 0.32573120421758972 16 118 10 66 4 61 1 70 5 17
1779 4.024754483275502 -2.0353934747651117 2.8199479244103967 34 18 6 0.18823395102949661 16 75 10 74 4 120
1780 2.8838964080417928 -1.1961329751959215 1.9110269030962856 183 137 123 0.16407702606837632 16 91 10 87 4 85
1781 2.7211517763913453 0.95789773773358811 3.3943489459410445 121 94 71 0.26975895664917826 3 95 10 106
1783 4.0269838152165942 -2.2263875170494511 2.7413745966111596 23 11 6 0.21319931266618916 16 70 10 118 5 190
1784 4.1384523679570497 -2.0314568794328474 2.8463923438265843 25 17 8 0.61897264829395349 16 125 10 120 4 167 1 233
1785 3.4446659375307358 -1.6639311751967998 2.8568454106875367 158 125 101 0.12119041592346277 16 84 10 124 4 168 1 236
1786 3.4583581935520762 -1.6147320697266334 2.8522116168703349 164 128 103 0.15168763063753268 16 86 10 125 4 171
1787 3.734757247235557 -1.5168719301758968 2.8836320957750265 63 54 44 0.19365289141425887 7 100 10 130 4 129 1 130 5 207
1788 4.1372998857789272 -1.0537122204900111 2.9626848479217429 36 17 6 0.32648958590634208 7 160 10 141 4 137 5 161
1789 4.2396102189035467 -0.63726748817186729 3.0962138392521852 88 70 59 0.37073694548036829 16 151 10 149 4 104 1 147 5 222
1790 3.9828852693180981 -2.524259524621089 2.594044427910462 110 85 58 0.59173868452221701 16 163 10 161 4 153 1 161 5 179
1791 3.8970252668630483 -1.55315771437854 2.8396009765505128 25 18 10 1.8647450793622113 7 148 10 185 1 239
1792 3.0002233047710707 0.75824994124145073 4.1733980958405734 124 98 64 0.99604010917756769 6 186 10 201
1793 3.4493642349491833 -2.3027245346090996 2.671948925141344 50 34 18 0.41421475917284739 16 213 10 216 4 214 1 218 5 247
1794 4.0924715246929537 -2.2022743408999381 2.751858872971253 106 81 58 0.30935709840027237 16 223 10 226 4 254 1 229 5 282
1795 4.0818117298990684 -2.00292496753196 2.8134144383041244 137 107 82 0.48588048458991723 16 174 10 233 4 226 1 263 5 284
1796 4.0927996135573732 -1.6447611224601184 2.8304028776777082 4 2 1 0.4946083419707662 17 262 10 263 4 262 1 271 5 291
1797 3.141178215347761 -1.4775556665534477 1.7022121546491749 255 255 255 1.8464392792761355 16 328 10 311 4 309
1798 4.1950870423972022 -0.65781599556501857 2.8270513530987289 235 216 201 1.7756163062341672 16 315 10 320 4 298
1799 3.4167336458612758 1.2458488775083403 3.9752798977828454 133 111 96 0.58608169136750432 16 351 10 354 4 351
1800 3.459915741234934 1.2538918511739454 3.9642813120598408 133 111 96 0.71401232349549293 16 352 10 355 4 352 1 343
1801 3.4039509353321118 -0.62768307098694687 2.7795917347403281 174 130 92 1.2531128894262997 16 359 10 363 4 358
1802 2.9554057977434227 -1.5175040730805838 2.127526430744731 84 61 42 0.21711485542983142 10 78 4 28 1 29
1803 2.9509303997959027 -1.5161826744703921 2.1323732210145265 84 61 42 0.3319559381365102 10 79 16 79 4 29 1 30 5 43
1804 3.2895923115340864 -1.2926736760250754 2.6709218365965501 125 82 60 0.13323233183472286 7 51 4 39 1 45
1805 4.1216436642798628 -0.93349762283899584 2.9807017437870749 109 80 53 0.18332641870535848 10 47 4 50 1 54 5 67
1806 3.5630066490282197 -2.0029014248087744 2.8373188185771645 80 66 53 0.26747098989461243 7 81 16 119 4 117 1 118 5 144
1807 2.9359444749706993 -1.5070782009991426 2.2151158992946045 177 125 95 0.39849333490680072 10 123 4 123 1 83 5 149
1808 3.7239356054121338 -1.6621289944827022 2.8964192914089768 64 54 43 0.19677195100862716 10 83 4 124 1 87 5 151
1809 3.9875184981499605 -1.7112449860095196 2.872967880511939 16 7 2 0.83049594623294265 10 128 4 126 1 126 5 203
1810 4.0061330327728104 -2.623958912083689 2.4605147082566452 98 75 51 0.20582155362214929 10 157 4 151 1 160 5 248
1811 3.5854226777081508 -1.8536159606816449 2.8664956907119143 56 40 26 0.42232411031566675 16 171 4 162 5 194
1812 3.023111883850206 -1.4547745877449731 1.9438687958390672 184 133 105 0.071393128236914807 10 178 4 173 1 178
1813 4.2806617682336272 -0.95647616705813021 2.7216698944413977 47 29 13 0.15687550254662294 16 236 4 189
1814 6.9607239188682 0.85052784688948113 0.94493416394324203 126 91 61 2.303122233471353 14 167 4 195
1815 2.7721751405398378 1.0661418784503907 3.4387700563310566 94 71 56 0.34100379489236454 10 241 4 198 1 250
1816 3.1124355438756659 1.0769169640468546 4.1836135345276704 151 120 98 1.1122091929614235 10 202 4 200 1 205
1817 3.301951927552023 1.2739191867443163 4.0858245219382443 137 115 97 0.64473159295482574 7 125 4 208 1 212
1818 3.0500020355541975 1.7568825489118671 2.2868467092207267 8 7 6 1.0854257697128964 10 282 4 213
1819 3.4552899829135368 -2.1635970193274594 2.742609433594676 107 86 64 0.19392238799155359 10 223 4 220 1 224 5 252
1820 3.0825020583562526 -1.4772252110037045 1.8099520824736064 0 0 0 0.38261823133799439 7 270 16 178 17 285
1821 4.1632716111342845 -1.2953070963309026 2.7167671968310345 255 255 255 1.6359402336862774 10 95 4 235 1 188 5 320
1822 4.3815652028500089 1.5434460473559188 3.3652262955823407 17 14 16 0.79263547603652518 7 222 17 102 4 279
1823 2.7023694496973625 1.171925392152203 3.5775202080413244 214 169 135 0.23241463689622818 10 325 4 302 5 326
1824 2.7100427727332548 1.3653534476000886 3.501477796752718 112 85 70 0.45631495009039647 10 280 4 304 1 325
1825 4.2046513267372134 -1.1978077923602621 2.7705044685149387 20 12 8 1.5404145047153115 10 316 4 315 1 319 5 339
1826 3.2816090292285516 -1.3670800735121367 2.7135807985612708 203 147 127 0.1669370551115808 10 332 4 323 1 329 5 350
1827 2.8081165683347535 1.1584103129483956 3.5501568761560707 205 158 122 1.4889450208237898 10 345 4 337 1 354
1828 3.0938321152999548 -1.7442991860805754 1.6370428284214069 255 255 255 1.7981598006097279 16 353 4 344 5 366
1829 2.9616138063481792 -1.5952732025230187 2.0426183608249944 107 63 41 0.091893942389139033 10 358 4 353 1 358 5 384
1830 3.7002425691124903 -2.214947782412966 2.761490061904615 75 61 46 0.23784950180950579 4 11 1 10 5 81
1831 3.6866958173897424 -1.8161458242156701 2.8917138071715054 64 54 45 0.66329671082406561 4 22 1 22 5 31 5 32
1832 3.6947805235531237 -1.7057404489847436 2.9111988495655106 35 23 15 0.32486259210080953 4 33 1 34 5 97
1833 3.7640084365947639 -1.3890832315718447 2.8780810684439579 62 50 42 0.26481645821189254 10 37 1 46 5 58
1834 4.0398439346988786 -1.8330630666350423 2.845927709755137 8 1 0 0.076471149274074224 4 35 1 85 5 201
1835 4.05694753587946 -1.528369853402906 2.8811723860132057 56 41 25 0.30457367332777385 4 89 1 94 5 102
1837 3.3217570482480814 -1.4948539761768265 2.7926075134361072 215 155 135 0.47409948071756686 4 79 10 180 1 125 5 152
1838 3.8170719499261732 -1.6231911981914644 2.9098937406229877 17 11 8 1.6484304452556986 4 127 1 128 5 204
1839 3.6809418186184519 -1.4113250549015175 2.8626842260196588 35 22 12 0.26740263667374486 10 131 1 134 5 156
1840 3.0290306244439442 -1.0433802962756109 2.1926396738178195 214 170 143 0.18053059579292866 10 136 1 139
1841 4.1511641889845095 -0.74717126100683617 3.0445637069783782 130 98 66 0.22293575405833074 10 103 1 146 5 218
1842 2.9928142915517606 -0.29481486438453108 3.3643360932455795 243 197 159 0.2275550609823791 4 192 1 149 5 71
1843 3.2083270647754372 1.258341112249143 4.1216087416904044 138 116 99 0.053034562408722008 4 148 1 153
1845 4.0878210666339081 -1.6685452270181924 2.9145011241334844 33 16 7 0.32789808986862407 4 180 1 181 5 206
1846 4.218199532238132 -0.85472599218284939 3.0283716914331493 43 34 14 0.38547602312282092 4 190 1 193 5 217
1847 3.492168777900833 -0.53816322190397947 3.0055484003143613 188 140 101 0.14904031422752709 4 191 1 195 5 220
1848 3.2114025306956431 1.1233827784181256 4.1290647707088111 255 255 255 1.5030644714383066 4 201 1 207 5 231
1849 3.3052454094946353 1.2729572518199654 4.0830137755827174 137 116 98 0.59465608091040545 4 209 1 213 5 238 7 225
1850 3.6270538502882732 -2.1264011178103663 2.801158547564802 68 53 40 0.27482617641126228 10 166 1 225 5 253
1851 3.3206001549777775 -1.5829180361936035 2.805701059156319 218 160 138 0.41747559806014251 4 229 1 238 5 260
1852 4.1911787838495176 -2.2735925549630824 2.7603590165278367 30 20 9 0.51046223037639871 4 252 1 258 5 280
1853 3.8642338594435084 -2.0447747434957586 2.8166816478906336 24 18 12 0.67572792732805154 4 223 1 259 5 306
1854 4.209641016304503 -1.0855295288731246 2.7258546648769362 255 255 255 1.363315935058895 16 191 1 277 5 269
1855 3.8047749304184002 -2.2424607099937912 2.7483894936684266 54 40 28 0.54880062611344382 4 249 1 285 5 304
1856 3.6647128053370288 -1.0542142267488099 2.769758355922463 171 134 96 1.5324337508278527 4 314 1 318 5 354
1857 3.2505082479769194 1.7130825021649176 2.1458821400833341 8 8 6 0.68230717434609189 4 321 1 326 5 345
1858 2.9068237701344941 1.3793033028273853 3.5055235168627834 255 255 255 2.0169501729453856 4 342 1 344 5 369
1859 3.2212833325021037 1.6725234026312628 2.1889524858902165 12 8 7 1.5538517356490729 4 340 1 345 5 370
1860 3.2212833325021037 1.6725234026312628 2.1889524858902165 12 8 7 1.5538517356490729 4 341 1 346 5 371
1861 2.8887272364223113 1.6365560610714891 2.6465185113578706 255 255 255 1.781796956506924 4 362 1 357 5 372
1862 2.8093009708931014 0.072177370901642585 3.1934996518837493 146 110 87 1.4392256459231418 6 43 2 59 16 46 1 56 19 37 12 34 18 55 13 46 15 50 14 53 6 44 6 45 8 37 2 60 17 51 16 47
1863 2.2947283920262036 1.365326531267453 3.3304420330136817 255 255 255 0.92415655272787911 4 111 16 155
1864 2.7527576580098381 1.0527514249367371 3.3959846795231092 8 4 2 0.31360812879536715 2 199 16 199 5 166
1865 3.3044062088571682 1.272400907908336 4.0809505279905309 138 115 98 0.1426841884251297 7 224 5 237
1866 3.3107563141731022 -1.792239344231729 2.7448972524125081 92 61 43 0.58758322078599479 2 122 4 70 1 119 5 87 5 193 15 177 14 185 6 211 8 128 2 222 3 194 17 221 7 237 16 224 10 228 4 225 1 230
1867 4.1430169211605206 -1.2226769961869615 2.9261784814537686 15 5 1 0.18185920653153623 15 126 14 115 8 152 6 172 17 190 7 205 16 188 10 191 4 186 1 190 5 214 17 147 16 140
